file,line,type,commit,author,date,time,timezone,datetime,depth,length
style.css,1,css,70ce2537,Beliz Akbulut,2026-04-06,22:26:09,-07:00,2026-04-06T22:26:09-07:00,0,5
style.css,2,css,70ce2537,Beliz Akbulut,2026-04-06,22:26:09,-07:00,2026-04-06T22:26:09-07:00,2,31
style.css,3,css,c1006619,Beliz Akbulut,2026-04-15,18:14:07,-07:00,2026-04-15T18:14:07-07:00,2,23
style.css,4,css,716f54eb,Beliz Akbulut,2026-05-01,18:06:27,-07:00,2026-05-01T18:06:27-07:00,2,24
style.css,5,css,70ce2537,Beliz Akbulut,2026-04-06,22:26:09,-07:00,2026-04-06T22:26:09-07:00,0,0
style.css,6,css,70ce2537,Beliz Akbulut,2026-04-06,22:26:09,-07:00,2026-04-06T22:26:09-07:00,0,7
style.css,7,css,70ce2537,Beliz Akbulut,2026-04-06,22:26:09,-07:00,2026-04-06T22:26:09-07:00,2,45
style.css,8,css,c1006619,Beliz Akbulut,2026-04-15,18:14:07,-07:00,2026-04-15T18:14:07-07:00,2,69
style.css,9,css,70ce2537,Beliz Akbulut,2026-04-06,22:26:09,-07:00,2026-04-06T22:26:09-07:00,0,0
style.css,10,css,70ce2537,Beliz Akbulut,2026-04-06,22:26:09,-07:00,2026-04-06T22:26:09-07:00,0,0
style.css,11,css,a1df1c07,Beliz Akbulut,2026-04-01,00:19:21,-07:00,2026-04-01T00:19:21-07:00,0,4
style.css,12,css,a1df1c07,Beliz Akbulut,2026-04-01,00:19:21,-07:00,2026-04-01T00:19:21-07:00,2,68
style.css,13,css,a1df1c07,Beliz Akbulut,2026-04-01,00:19:21,-07:00,2026-04-01T00:19:21-07:00,2,20
style.css,14,css,a1df1c07,Beliz Akbulut,2026-04-01,00:19:21,-07:00,2026-04-01T00:19:21-07:00,2,23
style.css,15,css,c30db825,Beliz Akbulut,2026-04-06,21:24:53,-07:00,2026-04-06T21:24:53-07:00,2,15
style.css,16,css,c30db825,Beliz Akbulut,2026-04-06,21:24:53,-07:00,2026-04-06T21:24:53-07:00,2,18
style.css,17,css,fe64d250,Beliz Akbulut,2026-04-06,21:28:51,-07:00,2026-04-06T21:28:51-07:00,2,12
style.css,18,css,70ce2537,Beliz Akbulut,2026-04-06,22:26:09,-07:00,2026-04-06T22:26:09-07:00,2,32
style.css,19,css,d6117999,Beliz Akbulut,2026-04-06,21:40:24,-07:00,2026-04-06T21:40:24-07:00,0,0
style.css,20,css,d6117999,Beliz Akbulut,2026-04-06,21:40:24,-07:00,2026-04-06T21:40:24-07:00,0,0
style.css,21,css,d6117999,Beliz Akbulut,2026-04-06,21:40:24,-07:00,2026-04-06T21:40:24-07:00,0,2
style.css,22,css,d6117999,Beliz Akbulut,2026-04-06,21:40:24,-07:00,2026-04-06T21:40:24-07:00,2,16
style.css,23,css,d6117999,Beliz Akbulut,2026-04-06,21:40:24,-07:00,2026-04-06T21:40:24-07:00,0,0
style.css,24,css,d6117999,Beliz Akbulut,2026-04-06,21:40:24,-07:00,2026-04-06T21:40:24-07:00,0,0
style.css,25,css,d6117999,Beliz Akbulut,2026-04-06,21:40:24,-07:00,2026-04-06T21:40:24-07:00,0,2
style.css,26,css,d6117999,Beliz Akbulut,2026-04-06,21:40:24,-07:00,2026-04-06T21:40:24-07:00,2,16
style.css,27,css,d6117999,Beliz Akbulut,2026-04-06,21:40:24,-07:00,2026-04-06T21:40:24-07:00,0,0
style.css,28,css,d6117999,Beliz Akbulut,2026-04-06,21:40:24,-07:00,2026-04-06T21:40:24-07:00,0,0
style.css,29,css,d6117999,Beliz Akbulut,2026-04-06,21:40:24,-07:00,2026-04-06T21:40:24-07:00,0,3
style.css,30,css,c1006619,Beliz Akbulut,2026-04-15,18:14:07,-07:00,2026-04-15T18:14:07-07:00,2,39
style.css,31,css,d6117999,Beliz Akbulut,2026-04-06,21:40:24,-07:00,2026-04-06T21:40:24-07:00,2,12
style.css,32,css,d83913e7,Beliz Akbulut,2026-04-06,21:49:52,-07:00,2026-04-06T21:49:52-07:00,2,18
style.css,33,css,d83913e7,Beliz Akbulut,2026-04-06,21:49:52,-07:00,2026-04-06T21:49:52-07:00,2,23
style.css,34,css,d83913e7,Beliz Akbulut,2026-04-06,21:49:52,-07:00,2026-04-06T21:49:52-07:00,2,25
style.css,35,css,c1006619,Beliz Akbulut,2026-04-15,18:14:07,-07:00,2026-04-15T18:14:07-07:00,2,39
style.css,36,css,d6117999,Beliz Akbulut,2026-04-06,21:40:24,-07:00,2026-04-06T21:40:24-07:00,0,0
style.css,37,css,d6117999,Beliz Akbulut,2026-04-06,21:40:24,-07:00,2026-04-06T21:40:24-07:00,0,5
style.css,38,css,d6117999,Beliz Akbulut,2026-04-06,21:40:24,-07:00,2026-04-06T21:40:24-07:00,2,6
style.css,39,css,d83913e7,Beliz Akbulut,2026-04-06,21:49:52,-07:00,2026-04-06T21:49:52-07:00,2,20
style.css,40,css,d83913e7,Beliz Akbulut,2026-04-06,21:49:52,-07:00,2026-04-06T21:49:52-07:00,2,13
style.css,41,css,d83913e7,Beliz Akbulut,2026-04-06,21:49:52,-07:00,2026-04-06T21:49:52-07:00,2,17
style.css,42,css,d83913e7,Beliz Akbulut,2026-04-06,21:49:52,-07:00,2026-04-06T21:49:52-07:00,2,13
style.css,43,css,d83913e7,Beliz Akbulut,2026-04-06,21:49:52,-07:00,2026-04-06T21:49:52-07:00,0,0
style.css,44,css,d83913e7,Beliz Akbulut,2026-04-06,21:49:52,-07:00,2026-04-06T21:49:52-07:00,0,0
style.css,45,css,d83913e7,Beliz Akbulut,2026-04-06,21:49:52,-07:00,2026-04-06T21:49:52-07:00,0,8
style.css,46,css,d83913e7,Beliz Akbulut,2026-04-06,21:49:52,-07:00,2026-04-06T21:49:52-07:00,2,43
style.css,47,css,d83913e7,Beliz Akbulut,2026-04-06,21:49:52,-07:00,2026-04-06T21:49:52-07:00,2,21
style.css,48,css,d83913e7,Beliz Akbulut,2026-04-06,21:49:52,-07:00,2026-04-06T21:49:52-07:00,0,0
style.css,49,css,70ce2537,Beliz Akbulut,2026-04-06,22:26:09,-07:00,2026-04-06T22:26:09-07:00,0,0
style.css,50,css,70ce2537,Beliz Akbulut,2026-04-06,22:26:09,-07:00,2026-04-06T22:26:09-07:00,0,4
style.css,51,css,70ce2537,Beliz Akbulut,2026-04-06,22:26:09,-07:00,2026-04-06T22:26:09-07:00,2,12
style.css,52,css,70ce2537,Beliz Akbulut,2026-04-06,22:26:09,-07:00,2026-04-06T22:26:09-07:00,2,30
style.css,53,css,70ce2537,Beliz Akbulut,2026-04-06,22:26:09,-07:00,2026-04-06T22:26:09-07:00,2,7
style.css,54,css,70ce2537,Beliz Akbulut,2026-04-06,22:26:09,-07:00,2026-04-06T22:26:09-07:00,0,0
style.css,55,css,70ce2537,Beliz Akbulut,2026-04-06,22:26:09,-07:00,2026-04-06T22:26:09-07:00,0,5
style.css,56,css,70ce2537,Beliz Akbulut,2026-04-06,22:26:09,-07:00,2026-04-06T22:26:09-07:00,2,11
style.css,57,css,70ce2537,Beliz Akbulut,2026-04-06,22:26:09,-07:00,2026-04-06T22:26:09-07:00,2,29
style.css,58,css,70ce2537,Beliz Akbulut,2026-04-06,22:26:09,-07:00,2026-04-06T22:26:09-07:00,2,18
style.css,59,css,70ce2537,Beliz Akbulut,2026-04-06,22:26:09,-07:00,2026-04-06T22:26:09-07:00,0,0
style.css,60,css,a1a1c834,Beliz Akbulut,2026-04-09,12:39:56,-07:00,2026-04-09T12:39:56-07:00,0,0
style.css,61,css,a1a1c834,Beliz Akbulut,2026-04-09,12:39:56,-07:00,2026-04-09T12:39:56-07:00,0,9
style.css,62,css,a1a1c834,Beliz Akbulut,2026-04-09,12:39:56,-07:00,2026-04-09T12:39:56-07:00,2,12
style.css,63,css,a1a1c834,Beliz Akbulut,2026-04-09,12:39:56,-07:00,2026-04-09T12:39:56-07:00,2,58
style.css,64,css,a1a1c834,Beliz Akbulut,2026-04-09,12:39:56,-07:00,2026-04-09T12:39:56-07:00,2,7
style.css,65,css,a1a1c834,Beliz Akbulut,2026-04-09,12:39:56,-07:00,2026-04-09T12:39:56-07:00,0,0
style.css,66,css,a1a1c834,Beliz Akbulut,2026-04-09,12:39:56,-07:00,2026-04-09T12:39:56-07:00,0,0
style.css,67,css,a1a1c834,Beliz Akbulut,2026-04-09,12:39:56,-07:00,2026-04-09T12:39:56-07:00,0,7
style.css,68,css,a1a1c834,Beliz Akbulut,2026-04-09,12:39:56,-07:00,2026-04-09T12:39:56-07:00,2,12
style.css,69,css,a1a1c834,Beliz Akbulut,2026-04-09,12:39:56,-07:00,2026-04-09T12:39:56-07:00,2,26
style.css,70,css,a1a1c834,Beliz Akbulut,2026-04-09,12:39:56,-07:00,2026-04-09T12:39:56-07:00,2,15
style.css,71,css,a1a1c834,Beliz Akbulut,2026-04-09,12:39:56,-07:00,2026-04-09T12:39:56-07:00,2,7
style.css,72,css,a1a1c834,Beliz Akbulut,2026-04-09,12:39:56,-07:00,2026-04-09T12:39:56-07:00,0,0
style.css,73,css,a1a1c834,Beliz Akbulut,2026-04-09,12:39:56,-07:00,2026-04-09T12:39:56-07:00,0,0
style.css,74,css,a1a1c834,Beliz Akbulut,2026-04-09,12:39:56,-07:00,2026-04-09T12:39:56-07:00,0,2
style.css,75,css,a1a1c834,Beliz Akbulut,2026-04-09,12:39:56,-07:00,2026-04-09T12:39:56-07:00,2,14
style.css,76,css,a1a1c834,Beliz Akbulut,2026-04-09,12:39:56,-07:00,2026-04-09T12:39:56-07:00,0,0
style.css,77,css,a1a1c834,Beliz Akbulut,2026-04-09,12:39:56,-07:00,2026-04-09T12:39:56-07:00,0,0
style.css,78,css,a1a1c834,Beliz Akbulut,2026-04-09,12:39:56,-07:00,2026-04-09T12:39:56-07:00,0,22
style.css,79,css,a1a1c834,Beliz Akbulut,2026-04-09,12:39:56,-07:00,2026-04-09T12:39:56-07:00,2,15
style.css,80,css,a1a1c834,Beliz Akbulut,2026-04-09,12:39:56,-07:00,2026-04-09T12:39:56-07:00,2,17
style.css,81,css,a1a1c834,Beliz Akbulut,2026-04-09,12:39:56,-07:00,2026-04-09T12:39:56-07:00,0,0
style.css,82,css,a1a1c834,Beliz Akbulut,2026-04-09,12:39:56,-07:00,2026-04-09T12:39:56-07:00,0,0
style.css,83,css,a1a1c834,Beliz Akbulut,2026-04-09,12:39:56,-07:00,2026-04-09T12:39:56-07:00,0,2
style.css,84,css,a1a1c834,Beliz Akbulut,2026-04-09,12:39:56,-07:00,2026-04-09T12:39:56-07:00,2,8
style.css,85,css,c1006619,Beliz Akbulut,2026-04-15,18:14:07,-07:00,2026-04-15T18:14:07-07:00,0,0
style.css,86,css,c1006619,Beliz Akbulut,2026-04-15,18:14:07,-07:00,2026-04-15T18:14:07-07:00,0,13
style.css,87,css,c1006619,Beliz Akbulut,2026-04-15,18:14:07,-07:00,2026-04-15T18:14:07-07:00,2,17
style.css,88,css,c1006619,Beliz Akbulut,2026-04-15,18:14:07,-07:00,2026-04-15T18:14:07-07:00,2,8
style.css,89,css,c1006619,Beliz Akbulut,2026-04-15,18:14:07,-07:00,2026-04-15T18:14:07-07:00,2,10
style.css,90,css,c1006619,Beliz Akbulut,2026-04-15,18:14:07,-07:00,2026-04-15T18:14:07-07:00,2,13
style.css,91,css,c1006619,Beliz Akbulut,2026-04-15,18:14:07,-07:00,2026-04-15T18:14:07-07:00,2,19
style.css,92,css,c1006619,Beliz Akbulut,2026-04-15,18:14:07,-07:00,2026-04-15T18:14:07-07:00,0,0
style.css,93,css,1bb43de5,Beliz Akbulut,2026-04-23,14:40:09,-07:00,2026-04-23T14:40:09-07:00,0,2
style.css,94,css,1bb43de5,Beliz Akbulut,2026-04-23,14:40:09,-07:00,2026-04-23T14:40:09-07:00,2,12
style.css,95,css,1bb43de5,Beliz Akbulut,2026-04-23,14:40:09,-07:00,2026-04-23T14:40:09-07:00,2,36
style.css,96,css,1bb43de5,Beliz Akbulut,2026-04-23,14:40:09,-07:00,2026-04-23T14:40:09-07:00,2,8
style.css,97,css,ca1f59ff,Beliz Akbulut,2026-04-23,15:08:51,-07:00,2026-04-23T15:08:51-07:00,2,12
style.css,98,css,1bb43de5,Beliz Akbulut,2026-04-23,14:40:09,-07:00,2026-04-23T14:40:09-07:00,0,0
style.css,99,css,1bb43de5,Beliz Akbulut,2026-04-23,14:40:09,-07:00,2026-04-23T14:40:09-07:00,0,0
style.css,100,css,1bb43de5,Beliz Akbulut,2026-04-23,14:40:09,-07:00,2026-04-23T14:40:09-07:00,0,2
style.css,101,css,1bb43de5,Beliz Akbulut,2026-04-23,14:40:09,-07:00,2026-04-23T14:40:09-07:00,2,10
style.css,102,css,1bb43de5,Beliz Akbulut,2026-04-23,14:40:09,-07:00,2026-04-23T14:40:09-07:00,2,16
style.css,103,css,1bb43de5,Beliz Akbulut,2026-04-23,14:40:09,-07:00,2026-04-23T14:40:09-07:00,0,0
style.css,104,css,1bb43de5,Beliz Akbulut,2026-04-23,14:40:09,-07:00,2026-04-23T14:40:09-07:00,0,0
style.css,105,css,1bb43de5,Beliz Akbulut,2026-04-23,14:40:09,-07:00,2026-04-23T14:40:09-07:00,0,2
style.css,106,css,1bb43de5,Beliz Akbulut,2026-04-23,14:40:09,-07:00,2026-04-23T14:40:09-07:00,2,10
style.css,107,css,1bb43de5,Beliz Akbulut,2026-04-23,14:40:09,-07:00,2026-04-23T14:40:09-07:00,2,8
style.css,108,css,1bb43de5,Beliz Akbulut,2026-04-23,14:40:09,-07:00,2026-04-23T14:40:09-07:00,0,0
style.css,109,css,c1006619,Beliz Akbulut,2026-04-15,18:14:07,-07:00,2026-04-15T18:14:07-07:00,0,0
style.css,110,css,1bb43de5,Beliz Akbulut,2026-04-23,14:40:09,-07:00,2026-04-23T14:40:09-07:00,0,13
style.css,111,css,1bb43de5,Beliz Akbulut,2026-04-23,14:40:09,-07:00,2026-04-23T14:40:09-07:00,2,10
style.css,112,css,c36327c3,Beliz Akbulut,2026-04-23,14:44:29,-07:00,2026-04-23T14:44:29-07:00,2,11
style.css,113,css,ca1f59ff,Beliz Akbulut,2026-04-23,15:08:51,-07:00,2026-04-23T15:08:51-07:00,0,0
style.css,114,css,ca1f59ff,Beliz Akbulut,2026-04-23,15:08:51,-07:00,2026-04-23T15:08:51-07:00,0,0
style.css,115,css,ca1f59ff,Beliz Akbulut,2026-04-23,15:08:51,-07:00,2026-04-23T15:08:51-07:00,0,7
style.css,116,css,ca1f59ff,Beliz Akbulut,2026-04-23,15:08:51,-07:00,2026-04-23T15:08:51-07:00,2,13
style.css,117,css,ca1f59ff,Beliz Akbulut,2026-04-23,15:08:51,-07:00,2026-04-23T15:08:51-07:00,2,19
style.css,118,css,ca1f59ff,Beliz Akbulut,2026-04-23,15:08:51,-07:00,2026-04-23T15:08:51-07:00,2,31
style.css,119,css,ca1f59ff,Beliz Akbulut,2026-04-23,15:08:51,-07:00,2026-04-23T15:08:51-07:00,0,0
style.css,120,css,ca1f59ff,Beliz Akbulut,2026-04-23,15:08:51,-07:00,2026-04-23T15:08:51-07:00,0,0
style.css,121,css,ca1f59ff,Beliz Akbulut,2026-04-23,15:08:51,-07:00,2026-04-23T15:08:51-07:00,0,20
style.css,122,css,ca1f59ff,Beliz Akbulut,2026-04-23,15:08:51,-07:00,2026-04-23T15:08:51-07:00,2,18
style.css,123,css,716f54eb,Beliz Akbulut,2026-05-01,18:06:27,-07:00,2026-05-01T18:06:27-07:00,0,0
style.css,124,css,716f54eb,Beliz Akbulut,2026-05-01,18:06:27,-07:00,2026-05-01T18:06:27-07:00,0,0
style.css,125,css,716f54eb,Beliz Akbulut,2026-05-01,18:06:27,-07:00,2026-05-01T18:06:27-07:00,0,17
style.css,126,css,716f54eb,Beliz Akbulut,2026-05-01,18:06:27,-07:00,2026-05-01T18:06:27-07:00,2,14
style.css,127,css,716f54eb,Beliz Akbulut,2026-05-01,18:06:27,-07:00,2026-05-01T18:06:27-07:00,2,16
style.css,128,css,716f54eb,Beliz Akbulut,2026-05-01,18:06:27,-07:00,2026-05-01T18:06:27-07:00,0,0
style.css,129,css,716f54eb,Beliz Akbulut,2026-05-01,18:06:27,-07:00,2026-05-01T18:06:27-07:00,2,16
style.css,130,css,716f54eb,Beliz Akbulut,2026-05-01,18:06:27,-07:00,2026-05-01T18:06:27-07:00,0,0
style.css,131,css,716f54eb,Beliz Akbulut,2026-05-01,18:06:27,-07:00,2026-05-01T18:06:27-07:00,0,0
style.css,132,css,716f54eb,Beliz Akbulut,2026-05-01,18:06:27,-07:00,2026-05-01T18:06:27-07:00,0,7
style.css,133,css,716f54eb,Beliz Akbulut,2026-05-01,18:06:27,-07:00,2026-05-01T18:06:27-07:00,2,12
style.css,134,css,716f54eb,Beliz Akbulut,2026-05-01,18:06:27,-07:00,2026-05-01T18:06:27-07:00,2,22
style.css,135,css,716f54eb,Beliz Akbulut,2026-05-01,18:06:27,-07:00,2026-05-01T18:06:27-07:00,2,14
style.css,136,css,716f54eb,Beliz Akbulut,2026-05-01,18:06:27,-07:00,2026-05-01T18:06:27-07:00,2,9
style.css,137,css,716f54eb,Beliz Akbulut,2026-05-01,18:06:27,-07:00,2026-05-01T18:06:27-07:00,1,0
style.css,138,css,716f54eb,Beliz Akbulut,2026-05-01,18:06:27,-07:00,2026-05-01T18:06:27-07:00,2,15
style.css,139,css,716f54eb,Beliz Akbulut,2026-05-01,18:06:27,-07:00,2026-05-01T18:06:27-07:00,2,18
style.css,140,css,716f54eb,Beliz Akbulut,2026-05-01,18:06:27,-07:00,2026-05-01T18:06:27-07:00,2,16
style.css,141,css,716f54eb,Beliz Akbulut,2026-05-01,18:06:27,-07:00,2026-05-01T18:06:27-07:00,2,17
style.css,142,css,716f54eb,Beliz Akbulut,2026-05-01,18:06:27,-07:00,2026-05-01T18:06:27-07:00,1,0
style.css,143,css,716f54eb,Beliz Akbulut,2026-05-01,18:06:27,-07:00,2026-05-01T18:06:27-07:00,2,21
style.css,144,css,716f54eb,Beliz Akbulut,2026-05-01,18:06:27,-07:00,2026-05-01T18:06:27-07:00,2,17
style.css,145,css,716f54eb,Beliz Akbulut,2026-05-01,18:06:27,-07:00,2026-05-01T18:06:27-07:00,2,17
style.css,146,css,716f54eb,Beliz Akbulut,2026-05-01,18:06:27,-07:00,2026-05-01T18:06:27-07:00,2,16
style.css,147,css,716f54eb,Beliz Akbulut,2026-05-01,18:06:27,-07:00,2026-05-01T18:06:27-07:00,2,17
style.css,148,css,716f54eb,Beliz Akbulut,2026-05-01,18:06:27,-07:00,2026-05-01T18:06:27-07:00,2,18
style.css,149,css,716f54eb,Beliz Akbulut,2026-05-01,18:06:27,-07:00,2026-05-01T18:06:27-07:00,1,0
style.css,150,css,716f54eb,Beliz Akbulut,2026-05-01,18:06:27,-07:00,2026-05-01T18:06:27-07:00,0,0
style.css,151,css,716f54eb,Beliz Akbulut,2026-05-01,18:06:27,-07:00,2026-05-01T18:06:27-07:00,1,10
style.css,152,css,716f54eb,Beliz Akbulut,2026-05-01,18:06:27,-07:00,2026-05-01T18:06:27-07:00,2,12
style.css,153,css,716f54eb,Beliz Akbulut,2026-05-01,18:06:27,-07:00,2026-05-01T18:06:27-07:00,2,18
style.css,154,css,716f54eb,Beliz Akbulut,2026-05-01,18:06:27,-07:00,2026-05-01T18:06:27-07:00,2,9
style.css,155,css,716f54eb,Beliz Akbulut,2026-05-01,18:06:27,-07:00,2026-05-01T18:06:27-07:00,2,16
style.css,156,css,716f54eb,Beliz Akbulut,2026-05-01,18:06:27,-07:00,2026-05-01T18:06:27-07:00,1,0
style.css,157,css,716f54eb,Beliz Akbulut,2026-05-01,18:06:27,-07:00,2026-05-01T18:06:27-07:00,0,0
style.css,158,css,716f54eb,Beliz Akbulut,2026-05-01,18:06:27,-07:00,2026-05-01T18:06:27-07:00,1,15
style.css,159,css,716f54eb,Beliz Akbulut,2026-05-01,18:06:27,-07:00,2026-05-01T18:06:27-07:00,2,11
style.css,160,css,716f54eb,Beliz Akbulut,2026-05-01,18:06:27,-07:00,2026-05-01T18:06:27-07:00,2,12
style.css,161,css,716f54eb,Beliz Akbulut,2026-05-01,18:06:27,-07:00,2026-05-01T18:06:27-07:00,2,29
style.css,162,css,716f54eb,Beliz Akbulut,2026-05-01,18:06:27,-07:00,2026-05-01T18:06:27-07:00,2,17
style.css,163,css,716f54eb,Beliz Akbulut,2026-05-01,18:06:27,-07:00,2026-05-01T18:06:27-07:00,2,20
style.css,164,css,716f54eb,Beliz Akbulut,2026-05-01,18:06:27,-07:00,2026-05-01T18:06:27-07:00,1,0
style.css,165,css,716f54eb,Beliz Akbulut,2026-05-01,18:06:27,-07:00,2026-05-01T18:06:27-07:00,0,0
style.css,166,css,716f54eb,Beliz Akbulut,2026-05-01,18:06:27,-07:00,2026-05-01T18:06:27-07:00,0,0
style.css,167,css,716f54eb,Beliz Akbulut,2026-05-01,18:06:27,-07:00,2026-05-01T18:06:27-07:00,1,17
style.css,168,css,716f54eb,Beliz Akbulut,2026-05-01,18:06:27,-07:00,2026-05-01T18:06:27-07:00,2,16
style.css,169,css,716f54eb,Beliz Akbulut,2026-05-01,18:06:27,-07:00,2026-05-01T18:06:27-07:00,4,11
style.css,170,css,716f54eb,Beliz Akbulut,2026-05-01,18:06:27,-07:00,2026-05-01T18:06:27-07:00,2,0
style.css,171,css,716f54eb,Beliz Akbulut,2026-05-01,18:06:27,-07:00,2026-05-01T18:06:27-07:00,1,0
style.css,172,css,716f54eb,Beliz Akbulut,2026-05-01,18:06:27,-07:00,2026-05-01T18:06:27-07:00,1,4
style.css,173,css,716f54eb,Beliz Akbulut,2026-05-01,18:06:27,-07:00,2026-05-01T18:06:27-07:00,2,16
style.css,174,css,716f54eb,Beliz Akbulut,2026-05-01,18:06:27,-07:00,2026-05-01T18:06:27-07:00,2,14
style.css,175,css,716f54eb,Beliz Akbulut,2026-05-01,18:06:27,-07:00,2026-05-01T18:06:27-07:00,1,0
style.css,176,css,716f54eb,Beliz Akbulut,2026-05-01,18:06:27,-07:00,2026-05-01T18:06:27-07:00,0,0
style.css,177,css,716f54eb,Beliz Akbulut,2026-05-01,18:06:27,-07:00,2026-05-01T18:06:27-07:00,1,9
style.css,178,css,716f54eb,Beliz Akbulut,2026-05-01,18:06:27,-07:00,2026-05-01T18:06:27-07:00,2,35
style.css,179,css,716f54eb,Beliz Akbulut,2026-05-01,18:06:27,-07:00,2026-05-01T18:06:27-07:00,1,0
style.css,180,css,716f54eb,Beliz Akbulut,2026-05-01,18:06:27,-07:00,2026-05-01T18:06:27-07:00,2,10
style.css,181,css,716f54eb,Beliz Akbulut,2026-05-01,18:06:27,-07:00,2026-05-01T18:06:27-07:00,3,17
style.css,182,css,716f54eb,Beliz Akbulut,2026-05-01,18:06:27,-07:00,2026-05-01T18:06:27-07:00,2,0
style.css,183,css,716f54eb,Beliz Akbulut,2026-05-01,18:06:27,-07:00,2026-05-01T18:06:27-07:00,1,0
style.css,184,css,716f54eb,Beliz Akbulut,2026-05-01,18:06:27,-07:00,2026-05-01T18:06:27-07:00,1,10
style.css,185,css,716f54eb,Beliz Akbulut,2026-05-01,18:06:27,-07:00,2026-05-01T18:06:27-07:00,2,12
style.css,186,css,716f54eb,Beliz Akbulut,2026-05-01,18:06:27,-07:00,2026-05-01T18:06:27-07:00,2,22
style.css,187,css,716f54eb,Beliz Akbulut,2026-05-01,18:06:27,-07:00,2026-05-01T18:06:27-07:00,2,14
style.css,188,css,716f54eb,Beliz Akbulut,2026-05-01,18:06:27,-07:00,2026-05-01T18:06:27-07:00,2,9
style.css,189,css,716f54eb,Beliz Akbulut,2026-05-01,18:06:27,-07:00,2026-05-01T18:06:27-07:00,1,0
style.css,190,css,716f54eb,Beliz Akbulut,2026-05-01,18:06:27,-07:00,2026-05-01T18:06:27-07:00,2,15
style.css,191,css,716f54eb,Beliz Akbulut,2026-05-01,18:06:27,-07:00,2026-05-01T18:06:27-07:00,2,18
style.css,192,css,716f54eb,Beliz Akbulut,2026-05-01,18:06:27,-07:00,2026-05-01T18:06:27-07:00,2,16
style.css,193,css,716f54eb,Beliz Akbulut,2026-05-01,18:06:27,-07:00,2026-05-01T18:06:27-07:00,2,17
style.css,194,css,716f54eb,Beliz Akbulut,2026-05-01,18:06:27,-07:00,2026-05-01T18:06:27-07:00,1,0
style.css,195,css,716f54eb,Beliz Akbulut,2026-05-01,18:06:27,-07:00,2026-05-01T18:06:27-07:00,2,21
style.css,196,css,716f54eb,Beliz Akbulut,2026-05-01,18:06:27,-07:00,2026-05-01T18:06:27-07:00,2,17
style.css,197,css,716f54eb,Beliz Akbulut,2026-05-01,18:06:27,-07:00,2026-05-01T18:06:27-07:00,2,17
style.css,198,css,716f54eb,Beliz Akbulut,2026-05-01,18:06:27,-07:00,2026-05-01T18:06:27-07:00,2,16
style.css,199,css,716f54eb,Beliz Akbulut,2026-05-01,18:06:27,-07:00,2026-05-01T18:06:27-07:00,2,17
style.css,200,css,716f54eb,Beliz Akbulut,2026-05-01,18:06:27,-07:00,2026-05-01T18:06:27-07:00,2,18
style.css,201,css,716f54eb,Beliz Akbulut,2026-05-01,18:06:27,-07:00,2026-05-01T18:06:27-07:00,1,0
style.css,202,css,716f54eb,Beliz Akbulut,2026-05-01,18:06:27,-07:00,2026-05-01T18:06:27-07:00,1,0
index.js,1,js,1bb43de5,Beliz Akbulut,2026-04-23,14:40:09,-07:00,2026-04-23T14:40:09-07:00,0,71
index.js,2,js,1bb43de5,Beliz Akbulut,2026-04-23,14:40:09,-07:00,2026-04-23T14:40:09-07:00,0,0
index.js,3,js,1bb43de5,Beliz Akbulut,2026-04-23,14:40:09,-07:00,2026-04-23T14:40:09-07:00,0,54
index.js,4,js,1bb43de5,Beliz Akbulut,2026-04-23,14:40:09,-07:00,2026-04-23T14:40:09-07:00,0,42
index.js,5,js,1bb43de5,Beliz Akbulut,2026-04-23,14:40:09,-07:00,2026-04-23T14:40:09-07:00,0,60
index.js,6,js,1bb43de5,Beliz Akbulut,2026-04-23,14:40:09,-07:00,2026-04-23T14:40:09-07:00,0,0
index.js,7,js,1bb43de5,Beliz Akbulut,2026-04-23,14:40:09,-07:00,2026-04-23T14:40:09-07:00,0,53
index.js,8,js,1bb43de5,Beliz Akbulut,2026-04-23,14:40:09,-07:00,2026-04-23T14:40:09-07:00,0,53
index.js,9,js,1bb43de5,Beliz Akbulut,2026-04-23,14:40:09,-07:00,2026-04-23T14:40:09-07:00,0,0
index.js,10,js,1bb43de5,Beliz Akbulut,2026-04-23,14:40:09,-07:00,2026-04-23T14:40:09-07:00,0,60
index.js,11,js,1bb43de5,Beliz Akbulut,2026-04-23,14:40:09,-07:00,2026-04-23T14:40:09-07:00,0,0
index.js,12,js,1bb43de5,Beliz Akbulut,2026-04-23,14:40:09,-07:00,2026-04-23T14:40:09-07:00,0,17
index.js,13,js,1bb43de5,Beliz Akbulut,2026-04-23,14:40:09,-07:00,2026-04-23T14:40:09-07:00,2,24
index.js,14,js,1bb43de5,Beliz Akbulut,2026-04-23,14:40:09,-07:00,2026-04-23T14:40:09-07:00,2,0
index.js,15,js,1bb43de5,Beliz Akbulut,2026-04-23,14:40:09,-07:00,2026-04-23T14:40:09-07:00,2,26
index.js,16,js,1bb43de5,Beliz Akbulut,2026-04-23,14:40:09,-07:00,2026-04-23T14:40:09-07:00,5,2
index.js,17,js,1bb43de5,Beliz Akbulut,2026-04-23,14:40:09,-07:00,2026-04-23T14:40:09-07:00,6,54
index.js,18,js,1bb43de5,Beliz Akbulut,2026-04-23,14:40:09,-07:00,2026-04-23T14:40:09-07:00,6,54
index.js,19,js,1bb43de5,Beliz Akbulut,2026-04-23,14:40:09,-07:00,2026-04-23T14:40:09-07:00,6,48
index.js,20,js,1bb43de5,Beliz Akbulut,2026-04-23,14:40:09,-07:00,2026-04-23T14:40:09-07:00,6,48
index.js,21,js,1bb43de5,Beliz Akbulut,2026-04-23,14:40:09,-07:00,2026-04-23T14:40:09-07:00,5,3
index.js,22,js,1bb43de5,Beliz Akbulut,2026-04-23,14:40:09,-07:00,2026-04-23T14:40:09-07:00,3,0
index.js,23,js,1bb43de5,Beliz Akbulut,2026-04-23,14:40:09,-07:00,2026-04-23T14:40:09-07:00,1,0
index.html,1,html,37d9bd1e,Beliz Akbulut,2026-03-31,23:56:58,-07:00,2026-03-31T23:56:58-07:00,0,13
index.html,2,html,37d9bd1e,Beliz Akbulut,2026-03-31,23:56:58,-07:00,2026-03-31T23:56:58-07:00,0,14
index.html,3,html,37d9bd1e,Beliz Akbulut,2026-03-31,23:56:58,-07:00,2026-03-31T23:56:58-07:00,0,4
index.html,4,html,71d2c97b,Beliz Akbulut,2026-04-06,21:51:39,-07:00,2026-04-06T21:51:39-07:00,2,38
index.html,5,html,37d9bd1e,Beliz Akbulut,2026-03-31,23:56:58,-07:00,2026-03-31T23:56:58-07:00,2,20
index.html,6,html,37d9bd1e,Beliz Akbulut,2026-03-31,23:56:58,-07:00,2026-03-31T23:56:58-07:00,2,68
index.html,7,html,37d9bd1e,Beliz Akbulut,2026-03-31,23:56:58,-07:00,2026-03-31T23:56:58-07:00,2,55
index.html,8,html,37d9bd1e,Beliz Akbulut,2026-03-31,23:56:58,-07:00,2026-03-31T23:56:58-07:00,0,5
index.html,9,html,37d9bd1e,Beliz Akbulut,2026-03-31,23:56:58,-07:00,2026-03-31T23:56:58-07:00,0,4
index.html,10,html,3aa88a0e,Beliz Akbulut,2026-04-15,23:24:54,-07:00,2026-04-15T23:24:54-07:00,2,47
index.html,11,html,ca1f59ff,Beliz Akbulut,2026-04-23,15:08:51,-07:00,2026-04-23T15:08:51-07:00,0,0
index.html,12,html,ca1f59ff,Beliz Akbulut,2026-04-23,15:08:51,-07:00,2026-04-23T15:08:51-07:00,2,21
index.html,13,html,ca1f59ff,Beliz Akbulut,2026-04-23,15:08:51,-07:00,2026-04-23T15:08:51-07:00,4,20
index.html,14,html,ca1f59ff,Beliz Akbulut,2026-04-23,15:08:51,-07:00,2026-04-23T15:08:51-07:00,4,55
index.html,15,html,ca1f59ff,Beliz Akbulut,2026-04-23,15:08:51,-07:00,2026-04-23T15:08:51-07:00,4,88
index.html,16,html,ca1f59ff,Beliz Akbulut,2026-04-23,15:08:51,-07:00,2026-04-23T15:08:51-07:00,2,8
index.html,17,html,ca1f59ff,Beliz Akbulut,2026-04-23,15:08:51,-07:00,2026-04-23T15:08:51-07:00,0,0
index.html,18,html,ca1f59ff,Beliz Akbulut,2026-04-23,15:08:51,-07:00,2026-04-23T15:08:51-07:00,2,32
index.html,19,html,ca1f59ff,Beliz Akbulut,2026-04-23,15:08:51,-07:00,2026-04-23T15:08:51-07:00,4,22
index.html,20,html,ca1f59ff,Beliz Akbulut,2026-04-23,15:08:51,-07:00,2026-04-23T15:08:51-07:00,4,26
index.html,21,html,ca1f59ff,Beliz Akbulut,2026-04-23,15:08:51,-07:00,2026-04-23T15:08:51-07:00,2,8
index.html,22,html,ca1f59ff,Beliz Akbulut,2026-04-23,15:08:51,-07:00,2026-04-23T15:08:51-07:00,0,0
index.html,23,html,ca1f59ff,Beliz Akbulut,2026-04-23,15:08:51,-07:00,2026-04-23T15:08:51-07:00,2,29
index.html,24,html,ca1f59ff,Beliz Akbulut,2026-04-23,15:08:51,-07:00,2026-04-23T15:08:51-07:00,4,28
index.html,25,html,ca1f59ff,Beliz Akbulut,2026-04-23,15:08:51,-07:00,2026-04-23T15:08:51-07:00,2,8
index.html,26,html,ca1f59ff,Beliz Akbulut,2026-04-23,15:08:51,-07:00,2026-04-23T15:08:51-07:00,0,0
index.html,27,html,1bb43de5,Beliz Akbulut,2026-04-23,14:40:09,-07:00,2026-04-23T14:40:09-07:00,2,50
index.html,28,html,37d9bd1e,Beliz Akbulut,2026-03-31,23:56:58,-07:00,2026-03-31T23:56:58-07:00,0,5
index.html,29,html,1bb43de5,Beliz Akbulut,2026-04-23,14:40:09,-07:00,2026-04-23T14:40:09-07:00,0,5
global.js,1,js,c1006619,Beliz Akbulut,2026-04-15,18:14:07,-07:00,2026-04-15T18:14:07-07:00,0,25
global.js,2,js,c1006619,Beliz Akbulut,2026-04-15,18:14:07,-07:00,2026-04-15T18:14:07-07:00,0,0
global.js,3,js,c1006619,Beliz Akbulut,2026-04-15,18:14:07,-07:00,2026-04-15T18:14:07-07:00,0,40
global.js,4,js,c1006619,Beliz Akbulut,2026-04-15,18:14:07,-07:00,2026-04-15T18:14:07-07:00,2,52
global.js,5,js,c1006619,Beliz Akbulut,2026-04-15,18:14:07,-07:00,2026-04-15T18:14:07-07:00,0,0
global.js,6,js,c1006619,Beliz Akbulut,2026-04-15,18:14:07,-07:00,2026-04-15T18:14:07-07:00,0,0
global.js,7,js,c1006619,Beliz Akbulut,2026-04-15,18:14:07,-07:00,2026-04-15T18:14:07-07:00,0,11
global.js,8,js,c1006619,Beliz Akbulut,2026-04-15,18:14:07,-07:00,2026-04-15T18:14:07-07:00,2,22
global.js,9,js,c1006619,Beliz Akbulut,2026-04-15,18:14:07,-07:00,2026-04-15T18:14:07-07:00,2,34
global.js,10,js,c1006619,Beliz Akbulut,2026-04-15,18:14:07,-07:00,2026-04-15T18:14:07-07:00,2,36
global.js,11,js,c1006619,Beliz Akbulut,2026-04-15,18:14:07,-07:00,2026-04-15T18:14:07-07:00,2,32
global.js,12,js,c1006619,Beliz Akbulut,2026-04-15,18:14:07,-07:00,2026-04-15T18:14:07-07:00,2,53
global.js,13,js,c1006619,Beliz Akbulut,2026-04-15,18:14:07,-07:00,2026-04-15T18:14:07-07:00,0,0
global.js,14,js,c1006619,Beliz Akbulut,2026-04-15,18:14:07,-07:00,2026-04-15T18:14:07-07:00,0,0
global.js,15,js,c1006619,Beliz Akbulut,2026-04-15,18:14:07,-07:00,2026-04-15T18:14:07-07:00,0,38
global.js,16,js,c1006619,Beliz Akbulut,2026-04-15,18:14:07,-07:00,2026-04-15T18:14:07-07:00,0,25
global.js,17,js,c1006619,Beliz Akbulut,2026-04-15,18:14:07,-07:00,2026-04-15T18:14:07-07:00,0,88
global.js,18,js,c1006619,Beliz Akbulut,2026-04-15,18:14:07,-07:00,2026-04-15T18:14:07-07:00,2,3
global.js,19,js,5cc53dbd,Beliz Akbulut,2026-04-15,23:19:34,-07:00,2026-04-15T23:19:34-07:00,2,14
global.js,20,js,5cc53dbd,Beliz Akbulut,2026-04-15,23:19:34,-07:00,2026-04-15T23:19:34-07:00,2,0
global.js,21,js,c1006619,Beliz Akbulut,2026-04-15,18:14:07,-07:00,2026-04-15T18:14:07-07:00,0,20
global.js,22,js,c1006619,Beliz Akbulut,2026-04-15,18:14:07,-07:00,2026-04-15T18:14:07-07:00,2,12
global.js,23,js,c1006619,Beliz Akbulut,2026-04-15,18:14:07,-07:00,2026-04-15T18:14:07-07:00,2,17
global.js,24,js,c1006619,Beliz Akbulut,2026-04-15,18:14:07,-07:00,2026-04-15T18:14:07-07:00,0,0
global.js,25,js,c1006619,Beliz Akbulut,2026-04-15,18:14:07,-07:00,2026-04-15T18:14:07-07:00,2,51
global.js,26,js,c1006619,Beliz Akbulut,2026-04-15,18:14:07,-07:00,2026-04-15T18:14:07-07:00,0,0
global.js,27,js,c1006619,Beliz Akbulut,2026-04-15,18:14:07,-07:00,2026-04-15T18:14:07-07:00,2,34
global.js,28,js,c1006619,Beliz Akbulut,2026-04-15,18:14:07,-07:00,2026-04-15T18:14:07-07:00,2,11
global.js,29,js,c1006619,Beliz Akbulut,2026-04-15,18:14:07,-07:00,2026-04-15T18:14:07-07:00,2,20
global.js,30,js,c1006619,Beliz Akbulut,2026-04-15,18:14:07,-07:00,2026-04-15T18:14:07-07:00,2,12
global.js,31,js,c1006619,Beliz Akbulut,2026-04-15,18:14:07,-07:00,2026-04-15T18:14:07-07:00,0,0
global.js,32,js,c1006619,Beliz Akbulut,2026-04-15,18:14:07,-07:00,2026-04-15T18:14:07-07:00,2,17
global.js,33,js,c1006619,Beliz Akbulut,2026-04-15,18:14:07,-07:00,2026-04-15T18:14:07-07:00,4,8
global.js,34,js,c1006619,Beliz Akbulut,2026-04-15,18:14:07,-07:00,2026-04-15T18:14:07-07:00,4,59
global.js,35,js,c1006619,Beliz Akbulut,2026-04-15,18:14:07,-07:00,2026-04-15T18:14:07-07:00,2,0
global.js,36,js,c1006619,Beliz Akbulut,2026-04-15,18:14:07,-07:00,2026-04-15T18:14:07-07:00,0,0
global.js,37,js,c1006619,Beliz Akbulut,2026-04-15,18:14:07,-07:00,2026-04-15T18:14:07-07:00,0,0
global.js,38,js,c1006619,Beliz Akbulut,2026-04-15,18:14:07,-07:00,2026-04-15T18:14:07-07:00,0,31
global.js,39,js,c1006619,Beliz Akbulut,2026-04-15,18:14:07,-07:00,2026-04-15T18:14:07-07:00,2,11
global.js,40,js,c1006619,Beliz Akbulut,2026-04-15,18:14:07,-07:00,2026-04-15T18:14:07-07:00,2,0
global.js,41,js,c1006619,Beliz Akbulut,2026-04-15,18:14:07,-07:00,2026-04-15T18:14:07-07:00,6,26
global.js,42,js,c1006619,Beliz Akbulut,2026-04-15,18:14:07,-07:00,2026-04-15T18:14:07-07:00,10,4
global.js,43,js,c1006619,Beliz Akbulut,2026-04-15,18:14:07,-07:00,2026-04-15T18:14:07-07:00,10,6
global.js,44,js,c1006619,Beliz Akbulut,2026-04-15,18:14:07,-07:00,2026-04-15T18:14:07-07:00,14,43
global.js,45,js,c1006619,Beliz Akbulut,2026-04-15,18:14:07,-07:00,2026-04-15T18:14:07-07:00,14,32
global.js,46,js,c1006619,Beliz Akbulut,2026-04-15,18:14:07,-07:00,2026-04-15T18:14:07-07:00,14,34
global.js,47,js,c1006619,Beliz Akbulut,2026-04-15,18:14:07,-07:00,2026-04-15T18:14:07-07:00,10,7
global.js,48,js,c1006619,Beliz Akbulut,2026-04-15,18:14:07,-07:00,2026-04-15T18:14:07-07:00,6,8
global.js,49,js,c1006619,Beliz Akbulut,2026-04-15,18:14:07,-07:00,2026-04-15T18:14:07-07:00,0,0
global.js,50,js,c1006619,Beliz Akbulut,2026-04-15,18:14:07,-07:00,2026-04-15T18:14:07-07:00,0,0
global.js,51,js,c1006619,Beliz Akbulut,2026-04-15,18:14:07,-07:00,2026-04-15T18:14:07-07:00,0,0
global.js,52,js,c1006619,Beliz Akbulut,2026-04-15,18:14:07,-07:00,2026-04-15T18:14:07-07:00,0,60
global.js,53,js,c1006619,Beliz Akbulut,2026-04-15,18:14:07,-07:00,2026-04-15T18:14:07-07:00,0,34
global.js,54,js,c1006619,Beliz Akbulut,2026-04-15,18:14:07,-07:00,2026-04-15T18:14:07-07:00,2,36
global.js,55,js,c1006619,Beliz Akbulut,2026-04-15,18:14:07,-07:00,2026-04-15T18:14:07-07:00,0,0
global.js,56,js,c1006619,Beliz Akbulut,2026-04-15,18:14:07,-07:00,2026-04-15T18:14:07-07:00,2,41
global.js,57,js,c1006619,Beliz Akbulut,2026-04-15,18:14:07,-07:00,2026-04-15T18:14:07-07:00,4,13
global.js,58,js,c1006619,Beliz Akbulut,2026-04-15,18:14:07,-07:00,2026-04-15T18:14:07-07:00,4,3
global.js,59,js,c1006619,Beliz Akbulut,2026-04-15,18:14:07,-07:00,2026-04-15T18:14:07-07:00,2,0
global.js,60,js,c1006619,Beliz Akbulut,2026-04-15,18:14:07,-07:00,2026-04-15T18:14:07-07:00,0,0
global.js,61,js,c1006619,Beliz Akbulut,2026-04-15,18:14:07,-07:00,2026-04-15T18:14:07-07:00,2,19
global.js,62,js,c1006619,Beliz Akbulut,2026-04-15,18:14:07,-07:00,2026-04-15T18:14:07-07:00,0,0
global.js,63,js,c1006619,Beliz Akbulut,2026-04-15,18:14:07,-07:00,2026-04-15T18:14:07-07:00,0,0
global.js,64,js,c1006619,Beliz Akbulut,2026-04-15,18:14:07,-07:00,2026-04-15T18:14:07-07:00,0,41
global.js,65,js,c1006619,Beliz Akbulut,2026-04-15,18:14:07,-07:00,2026-04-15T18:14:07-07:00,2,13
global.js,66,js,c1006619,Beliz Akbulut,2026-04-15,18:14:07,-07:00,2026-04-15T18:14:07-07:00,2,10
global.js,67,js,c1006619,Beliz Akbulut,2026-04-15,18:14:07,-07:00,2026-04-15T18:14:07-07:00,1,0
global.js,68,js,c1006619,Beliz Akbulut,2026-04-15,18:14:07,-07:00,2026-04-15T18:14:07-07:00,0,0
global.js,69,js,c1006619,Beliz Akbulut,2026-04-15,18:14:07,-07:00,2026-04-15T18:14:07-07:00,0,49
global.js,70,js,c1006619,Beliz Akbulut,2026-04-15,18:14:07,-07:00,2026-04-15T18:14:07-07:00,1,57
global.js,71,js,c1006619,Beliz Akbulut,2026-04-15,18:14:07,-07:00,2026-04-15T18:14:07-07:00,0,0
global.js,72,js,c1006619,Beliz Akbulut,2026-04-15,18:14:07,-07:00,2026-04-15T18:14:07-07:00,1,41
global.js,73,js,c1006619,Beliz Akbulut,2026-04-15,18:14:07,-07:00,2026-04-15T18:14:07-07:00,2,13
global.js,74,js,c1006619,Beliz Akbulut,2026-04-15,18:14:07,-07:00,2026-04-15T18:14:07-07:00,2,16
global.js,75,js,c1006619,Beliz Akbulut,2026-04-15,18:14:07,-07:00,2026-04-15T18:14:07-07:00,1,0
global.js,76,js,c1006619,Beliz Akbulut,2026-04-15,18:14:07,-07:00,2026-04-15T18:14:07-07:00,0,0
global.js,77,js,c1006619,Beliz Akbulut,2026-04-15,18:14:07,-07:00,2026-04-15T18:14:07-07:00,1,44
global.js,78,js,c1006619,Beliz Akbulut,2026-04-15,18:14:07,-07:00,2026-04-15T18:14:07-07:00,0,1
global.js,79,js,c1006619,Beliz Akbulut,2026-04-15,18:14:07,-07:00,2026-04-15T18:14:07-07:00,0,0
global.js,80,js,c1006619,Beliz Akbulut,2026-04-15,18:14:07,-07:00,2026-04-15T18:14:07-07:00,0,0
global.js,81,js,c1006619,Beliz Akbulut,2026-04-15,18:14:07,-07:00,2026-04-15T18:14:07-07:00,0,42
global.js,82,js,c1006619,Beliz Akbulut,2026-04-15,18:14:07,-07:00,2026-04-15T18:14:07-07:00,0,0
global.js,83,js,c1006619,Beliz Akbulut,2026-04-15,18:14:07,-07:00,2026-04-15T18:14:07-07:00,0,47
global.js,84,js,c1006619,Beliz Akbulut,2026-04-15,18:14:07,-07:00,2026-04-15T18:14:07-07:00,2,21
global.js,85,js,c1006619,Beliz Akbulut,2026-04-15,18:14:07,-07:00,2026-04-15T18:14:07-07:00,2,0
global.js,86,js,c1006619,Beliz Akbulut,2026-04-15,18:14:07,-07:00,2026-04-15T18:14:07-07:00,2,28
global.js,87,js,c1006619,Beliz Akbulut,2026-04-15,18:14:07,-07:00,2026-04-15T18:14:07-07:00,2,26
global.js,88,js,c1006619,Beliz Akbulut,2026-04-15,18:14:07,-07:00,2026-04-15T18:14:07-07:00,0,0
global.js,89,js,c1006619,Beliz Akbulut,2026-04-15,18:14:07,-07:00,2026-04-15T18:14:07-07:00,2,14
global.js,90,js,c1006619,Beliz Akbulut,2026-04-15,18:14:07,-07:00,2026-04-15T18:14:07-07:00,2,30
global.js,91,js,c1006619,Beliz Akbulut,2026-04-15,18:14:07,-07:00,2026-04-15T18:14:07-07:00,4,50
global.js,92,js,c1006619,Beliz Akbulut,2026-04-15,18:14:07,-07:00,2026-04-15T18:14:07-07:00,2,0
global.js,93,js,c1006619,Beliz Akbulut,2026-04-15,18:14:07,-07:00,2026-04-15T18:14:07-07:00,0,0
global.js,94,js,c1006619,Beliz Akbulut,2026-04-15,18:14:07,-07:00,2026-04-15T18:14:07-07:00,2,22
global.js,95,js,c1006619,Beliz Akbulut,2026-04-15,18:14:07,-07:00,2026-04-15T18:14:07-07:00,0,0
global.js,96,js,c1006619,Beliz Akbulut,2026-04-15,18:14:07,-07:00,2026-04-15T18:14:07-07:00,2,18
global.js,97,js,c1006619,Beliz Akbulut,2026-04-15,18:14:07,-07:00,2026-04-15T18:14:07-07:00,0,0
global.js,98,js,c1006619,Beliz Akbulut,2026-04-15,18:14:07,-07:00,2026-04-15T18:14:07-07:00,0,1
global.js,99,js,82684adb,Beliz Akbulut,2026-04-21,15:02:05,-07:00,2026-04-21T15:02:05-07:00,0,0
global.js,100,js,82684adb,Beliz Akbulut,2026-04-21,15:02:05,-07:00,2026-04-21T15:02:05-07:00,0,0
global.js,101,js,82684adb,Beliz Akbulut,2026-04-21,15:02:05,-07:00,2026-04-21T15:02:05-07:00,0,36
global.js,102,js,82684adb,Beliz Akbulut,2026-04-21,15:02:05,-07:00,2026-04-21T15:02:05-07:00,2,3
global.js,103,js,82684adb,Beliz Akbulut,2026-04-21,15:02:05,-07:00,2026-04-21T15:02:05-07:00,4,32
global.js,104,js,82684adb,Beliz Akbulut,2026-04-21,15:02:05,-07:00,2026-04-21T15:02:05-07:00,4,17
global.js,105,js,82684adb,Beliz Akbulut,2026-04-21,15:02:05,-07:00,2026-04-21T15:02:05-07:00,6,66
global.js,106,js,82684adb,Beliz Akbulut,2026-04-21,15:02:05,-07:00,2026-04-21T15:02:05-07:00,4,0
global.js,107,js,82684adb,Beliz Akbulut,2026-04-21,15:02:05,-07:00,2026-04-21T15:02:05-07:00,4,33
global.js,108,js,82684adb,Beliz Akbulut,2026-04-21,15:02:05,-07:00,2026-04-21T15:02:05-07:00,4,10
global.js,109,js,82684adb,Beliz Akbulut,2026-04-21,15:02:05,-07:00,2026-04-21T15:02:05-07:00,2,15
global.js,110,js,82684adb,Beliz Akbulut,2026-04-21,15:02:05,-07:00,2026-04-21T15:02:05-07:00,4,58
global.js,111,js,82684adb,Beliz Akbulut,2026-04-21,15:02:05,-07:00,2026-04-21T15:02:05-07:00,2,0
global.js,112,js,82684adb,Beliz Akbulut,2026-04-21,15:02:05,-07:00,2026-04-21T15:02:05-07:00,0,0
global.js,113,js,82684adb,Beliz Akbulut,2026-04-21,15:02:05,-07:00,2026-04-21T15:02:05-07:00,0,0
global.js,114,js,82684adb,Beliz Akbulut,2026-04-21,15:02:05,-07:00,2026-04-21T15:02:05-07:00,0,0
global.js,115,js,1bb43de5,Beliz Akbulut,2026-04-23,14:40:09,-07:00,2026-04-23T14:40:09-07:00,0,79
global.js,116,js,82684adb,Beliz Akbulut,2026-04-21,15:02:05,-07:00,2026-04-21T15:02:05-07:00,2,30
global.js,117,js,1bb43de5,Beliz Akbulut,2026-04-23,14:40:09,-07:00,2026-04-23T14:40:09-07:00,1,0
global.js,118,js,1bb43de5,Beliz Akbulut,2026-04-23,14:40:09,-07:00,2026-04-23T14:40:09-07:00,2,31
global.js,119,js,1bb43de5,Beliz Akbulut,2026-04-23,14:40:09,-07:00,2026-04-23T14:40:09-07:00,3,48
global.js,120,js,1bb43de5,Beliz Akbulut,2026-04-23,14:40:09,-07:00,2026-04-23T14:40:09-07:00,1,0
global.js,121,js,1bb43de5,Beliz Akbulut,2026-04-23,14:40:09,-07:00,2026-04-23T14:40:09-07:00,3,19
global.js,122,js,b9b5f465,Beliz Akbulut,2026-04-23,15:03:02,-07:00,2026-04-23T15:03:02-07:00,4,67
global.js,123,js,1bb43de5,Beliz Akbulut,2026-04-23,14:40:09,-07:00,2026-04-23T14:40:09-07:00,4,49
global.js,124,js,1bb43de5,Beliz Akbulut,2026-04-23,14:40:09,-07:00,2026-04-23T14:40:09-07:00,4,27
global.js,125,js,1bb43de5,Beliz Akbulut,2026-04-23,14:40:09,-07:00,2026-04-23T14:40:09-07:00,3,0
global.js,126,js,1bb43de5,Beliz Akbulut,2026-04-23,14:40:09,-07:00,2026-04-23T14:40:09-07:00,1,0
global.js,127,js,1bb43de5,Beliz Akbulut,2026-04-23,14:40:09,-07:00,2026-04-23T14:40:09-07:00,3,36
global.js,128,js,82684adb,Beliz Akbulut,2026-04-21,15:02:05,-07:00,2026-04-21T15:02:05-07:00,2,0
global.js,129,js,1bb43de5,Beliz Akbulut,2026-04-23,14:40:09,-07:00,2026-04-23T14:40:09-07:00,1,0
global.js,130,js,1bb43de5,Beliz Akbulut,2026-04-23,14:40:09,-07:00,2026-04-23T14:40:09-07:00,0,0
global.js,131,js,82684adb,Beliz Akbulut,2026-04-21,15:02:05,-07:00,2026-04-21T15:02:05-07:00,0,0
global.js,132,js,1bb43de5,Beliz Akbulut,2026-04-23,14:40:09,-07:00,2026-04-23T14:40:09-07:00,1,47
global.js,133,js,1bb43de5,Beliz Akbulut,2026-04-23,14:40:09,-07:00,2026-04-23T14:40:09-07:00,2,59
global.js,134,js,1bb43de5,Beliz Akbulut,2026-04-23,14:40:09,-07:00,2026-04-23T14:40:09-07:00,1,0
global.js,135,js,1bb43de5,Beliz Akbulut,2026-04-23,14:40:09,-07:00,2026-04-23T14:40:09-07:00,1,0
resume/resume_style.css,1,css,c1006619,Beliz Akbulut,2026-04-15,18:14:07,-07:00,2026-04-15T18:14:07-07:00,0,6
resume/resume_style.css,2,css,088718fc,Beliz Akbulut,2026-04-02,23:58:06,-07:00,2026-04-02T23:58:06-07:00,0,19
resume/resume_style.css,3,css,088718fc,Beliz Akbulut,2026-04-02,23:58:06,-07:00,2026-04-02T23:58:06-07:00,2,8
resume/resume_style.css,4,css,088718fc,Beliz Akbulut,2026-04-02,23:58:06,-07:00,2026-04-02T23:58:06-07:00,2,9
resume/resume_style.css,5,css,088718fc,Beliz Akbulut,2026-04-02,23:58:06,-07:00,2026-04-02T23:58:06-07:00,0,0
resume/resume_style.css,6,css,088718fc,Beliz Akbulut,2026-04-02,23:58:06,-07:00,2026-04-02T23:58:06-07:00,0,0
resume/resume_style.css,7,css,c1006619,Beliz Akbulut,2026-04-15,18:14:07,-07:00,2026-04-15T18:14:07-07:00,0,2
resume/resume_style.css,8,css,088718fc,Beliz Akbulut,2026-04-02,23:58:06,-07:00,2026-04-02T23:58:06-07:00,0,4
resume/resume_style.css,9,css,c1006619,Beliz Akbulut,2026-04-15,18:14:07,-07:00,2026-04-15T18:14:07-07:00,2,58
resume/resume_style.css,10,css,c1006619,Beliz Akbulut,2026-04-15,18:14:07,-07:00,2026-04-15T18:14:07-07:00,2,30
resume/resume_style.css,11,css,c1006619,Beliz Akbulut,2026-04-15,18:14:07,-07:00,2026-04-15T18:14:07-07:00,2,25
resume/resume_style.css,12,css,088718fc,Beliz Akbulut,2026-04-02,23:58:06,-07:00,2026-04-02T23:58:06-07:00,2,15
resume/resume_style.css,13,css,088718fc,Beliz Akbulut,2026-04-02,23:58:06,-07:00,2026-04-02T23:58:06-07:00,0,0
resume/resume_style.css,14,css,c1006619,Beliz Akbulut,2026-04-15,18:14:07,-07:00,2026-04-15T18:14:07-07:00,0,3
resume/resume_style.css,15,css,088718fc,Beliz Akbulut,2026-04-02,23:58:06,-07:00,2026-04-02T23:58:06-07:00,0,4
resume/resume_style.css,16,css,088718fc,Beliz Akbulut,2026-04-02,23:58:06,-07:00,2026-04-02T23:58:06-07:00,2,11
resume/resume_style.css,17,css,c1006619,Beliz Akbulut,2026-04-15,18:14:07,-07:00,2026-04-15T18:14:07-07:00,2,25
resume/resume_style.css,18,css,088718fc,Beliz Akbulut,2026-04-02,23:58:06,-07:00,2026-04-02T23:58:06-07:00,2,17
resume/resume_style.css,19,css,088718fc,Beliz Akbulut,2026-04-02,23:58:06,-07:00,2026-04-02T23:58:06-07:00,0,0
resume/resume_style.css,20,css,088718fc,Beliz Akbulut,2026-04-02,23:58:06,-07:00,2026-04-02T23:58:06-07:00,0,0
resume/resume_style.css,21,css,c1006619,Beliz Akbulut,2026-04-15,18:14:07,-07:00,2026-04-15T18:14:07-07:00,0,7
resume/resume_style.css,22,css,088718fc,Beliz Akbulut,2026-04-02,23:58:06,-07:00,2026-04-02T23:58:06-07:00,0,7
resume/resume_style.css,23,css,088718fc,Beliz Akbulut,2026-04-02,23:58:06,-07:00,2026-04-02T23:58:06-07:00,2,15
resume/resume_style.css,24,css,088718fc,Beliz Akbulut,2026-04-02,23:58:06,-07:00,2026-04-02T23:58:06-07:00,2,16
resume/resume_style.css,25,css,088718fc,Beliz Akbulut,2026-04-02,23:58:06,-07:00,2026-04-02T23:58:06-07:00,2,12
resume/resume_style.css,26,css,c1006619,Beliz Akbulut,2026-04-15,18:14:07,-07:00,2026-04-15T18:14:07-07:00,2,26
resume/resume_style.css,27,css,088718fc,Beliz Akbulut,2026-04-02,23:58:06,-07:00,2026-04-02T23:58:06-07:00,2,18
resume/resume_style.css,28,css,c1006619,Beliz Akbulut,2026-04-15,18:14:07,-07:00,2026-04-15T18:14:07-07:00,0,0
resume/resume_style.css,29,css,c1006619,Beliz Akbulut,2026-04-15,18:14:07,-07:00,2026-04-15T18:14:07-07:00,2,42
resume/resume_style.css,30,css,c1006619,Beliz Akbulut,2026-04-15,18:14:07,-07:00,2026-04-15T18:14:07-07:00,2,41
resume/resume_style.css,31,css,088718fc,Beliz Akbulut,2026-04-02,23:58:06,-07:00,2026-04-02T23:58:06-07:00,0,0
resume/resume_style.css,32,css,088718fc,Beliz Akbulut,2026-04-02,23:58:06,-07:00,2026-04-02T23:58:06-07:00,0,0
resume/resume_style.css,33,css,c1006619,Beliz Akbulut,2026-04-15,18:14:07,-07:00,2026-04-15T18:14:07-07:00,0,2
resume/resume_style.css,34,css,088718fc,Beliz Akbulut,2026-04-02,23:58:06,-07:00,2026-04-02T23:58:06-07:00,0,2
resume/resume_style.css,35,css,088718fc,Beliz Akbulut,2026-04-02,23:58:06,-07:00,2026-04-02T23:58:06-07:00,2,16
resume/resume_style.css,36,css,088718fc,Beliz Akbulut,2026-04-02,23:58:06,-07:00,2026-04-02T23:58:06-07:00,2,15
resume/resume_style.css,37,css,088718fc,Beliz Akbulut,2026-04-02,23:58:06,-07:00,2026-04-02T23:58:06-07:00,2,18
resume/resume_style.css,38,css,c1006619,Beliz Akbulut,2026-04-15,18:14:07,-07:00,2026-04-15T18:14:07-07:00,2,25
resume/resume_style.css,39,css,088718fc,Beliz Akbulut,2026-04-02,23:58:06,-07:00,2026-04-02T23:58:06-07:00,0,0
resume/resume_style.css,40,css,088718fc,Beliz Akbulut,2026-04-02,23:58:06,-07:00,2026-04-02T23:58:06-07:00,0,0
resume/resume_style.css,41,css,088718fc,Beliz Akbulut,2026-04-02,23:58:06,-07:00,2026-04-02T23:58:06-07:00,0,2
resume/resume_style.css,42,css,088718fc,Beliz Akbulut,2026-04-02,23:58:06,-07:00,2026-04-02T23:58:06-07:00,2,16
resume/resume_style.css,43,css,088718fc,Beliz Akbulut,2026-04-02,23:58:06,-07:00,2026-04-02T23:58:06-07:00,2,18
resume/resume_style.css,44,css,c1006619,Beliz Akbulut,2026-04-15,18:14:07,-07:00,2026-04-15T18:14:07-07:00,2,24
resume/resume_style.css,45,css,088718fc,Beliz Akbulut,2026-04-02,23:58:06,-07:00,2026-04-02T23:58:06-07:00,2,20
resume/resume_style.css,46,css,088718fc,Beliz Akbulut,2026-04-02,23:58:06,-07:00,2026-04-02T23:58:06-07:00,0,0
resume/resume_style.css,47,css,088718fc,Beliz Akbulut,2026-04-02,23:58:06,-07:00,2026-04-02T23:58:06-07:00,0,0
resume/resume_style.css,48,css,c1006619,Beliz Akbulut,2026-04-15,18:14:07,-07:00,2026-04-15T18:14:07-07:00,0,5
resume/resume_style.css,49,css,088718fc,Beliz Akbulut,2026-04-02,23:58:06,-07:00,2026-04-02T23:58:06-07:00,0,2
resume/resume_style.css,50,css,088718fc,Beliz Akbulut,2026-04-02,23:58:06,-07:00,2026-04-02T23:58:06-07:00,2,11
resume/resume_style.css,51,css,088718fc,Beliz Akbulut,2026-04-02,23:58:06,-07:00,2026-04-02T23:58:06-07:00,2,10
resume/resume_style.css,52,css,c1006619,Beliz Akbulut,2026-04-15,18:14:07,-07:00,2026-04-15T18:14:07-07:00,2,36
resume/resume_style.css,53,css,088718fc,Beliz Akbulut,2026-04-02,23:58:06,-07:00,2026-04-02T23:58:06-07:00,2,18
resume/resume_style.css,54,css,088718fc,Beliz Akbulut,2026-04-02,23:58:06,-07:00,2026-04-02T23:58:06-07:00,0,0
resume/resume_style.css,55,css,088718fc,Beliz Akbulut,2026-04-02,23:58:06,-07:00,2026-04-02T23:58:06-07:00,0,0
resume/resume_style.css,56,css,c1006619,Beliz Akbulut,2026-04-15,18:14:07,-07:00,2026-04-15T18:14:07-07:00,0,15
resume/resume_style.css,57,css,088718fc,Beliz Akbulut,2026-04-02,23:58:06,-07:00,2026-04-02T23:58:06-07:00,0,7
resume/resume_style.css,58,css,088718fc,Beliz Akbulut,2026-04-02,23:58:06,-07:00,2026-04-02T23:58:06-07:00,2,15
resume/resume_style.css,59,css,088718fc,Beliz Akbulut,2026-04-02,23:58:06,-07:00,2026-04-02T23:58:06-07:00,0,0
resume/resume_style.css,60,css,088718fc,Beliz Akbulut,2026-04-02,23:58:06,-07:00,2026-04-02T23:58:06-07:00,0,0
resume/resume_style.css,61,css,c1006619,Beliz Akbulut,2026-04-15,18:14:07,-07:00,2026-04-15T18:14:07-07:00,0,3
resume/resume_style.css,62,css,088718fc,Beliz Akbulut,2026-04-02,23:58:06,-07:00,2026-04-02T23:58:06-07:00,0,2
resume/resume_style.css,63,css,088718fc,Beliz Akbulut,2026-04-02,23:58:06,-07:00,2026-04-02T23:58:06-07:00,2,16
resume/resume_style.css,64,css,088718fc,Beliz Akbulut,2026-04-02,23:58:06,-07:00,2026-04-02T23:58:06-07:00,2,14
resume/resume_style.css,65,css,088718fc,Beliz Akbulut,2026-04-02,23:58:06,-07:00,2026-04-02T23:58:06-07:00,0,0
resume/resume_style.css,66,css,088718fc,Beliz Akbulut,2026-04-02,23:58:06,-07:00,2026-04-02T23:58:06-07:00,0,0
resume/resume_style.css,67,css,088718fc,Beliz Akbulut,2026-04-02,23:58:06,-07:00,2026-04-02T23:58:06-07:00,0,2
resume/resume_style.css,68,css,088718fc,Beliz Akbulut,2026-04-02,23:58:06,-07:00,2026-04-02T23:58:06-07:00,2,17
resume/resume_style.css,69,css,c1006619,Beliz Akbulut,2026-04-15,18:14:07,-07:00,2026-04-15T18:14:07-07:00,2,25
resume/resume_style.css,70,css,088718fc,Beliz Akbulut,2026-04-02,23:58:06,-07:00,2026-04-02T23:58:06-07:00,0,0
resume/resume_style.css,71,css,c1006619,Beliz Akbulut,2026-04-15,18:14:07,-07:00,2026-04-15T18:14:07-07:00,0,0
resume/resume_style.css,72,css,088718fc,Beliz Akbulut,2026-04-02,23:58:06,-07:00,2026-04-02T23:58:06-07:00,0,1
resume/resume_style.css,73,css,088718fc,Beliz Akbulut,2026-04-02,23:58:06,-07:00,2026-04-02T23:58:06-07:00,2,17
resume/resume_style.css,74,css,c1006619,Beliz Akbulut,2026-04-15,18:14:07,-07:00,2026-04-15T18:14:07-07:00,2,25
resume/resume_style.css,75,css,088718fc,Beliz Akbulut,2026-04-02,23:58:06,-07:00,2026-04-02T23:58:06-07:00,0,0
resume/resume_style.css,76,css,088718fc,Beliz Akbulut,2026-04-02,23:58:06,-07:00,2026-04-02T23:58:06-07:00,0,0
resume/resume_style.css,77,css,c1006619,Beliz Akbulut,2026-04-15,18:14:07,-07:00,2026-04-15T18:14:07-07:00,0,9
resume/resume_style.css,78,css,088718fc,Beliz Akbulut,2026-04-02,23:58:06,-07:00,2026-04-02T23:58:06-07:00,0,1
resume/resume_style.css,79,css,088718fc,Beliz Akbulut,2026-04-02,23:58:06,-07:00,2026-04-02T23:58:06-07:00,2,15
resume/resume_style.css,80,css,088718fc,Beliz Akbulut,2026-04-02,23:58:06,-07:00,2026-04-02T23:58:06-07:00,2,10
resume/resume_style.css,81,css,c1006619,Beliz Akbulut,2026-04-15,18:14:07,-07:00,2026-04-15T18:14:07-07:00,0,3
resume/resume_style.css,82,css,c1006619,Beliz Akbulut,2026-04-15,18:14:07,-07:00,2026-04-15T18:14:07-07:00,0,0
resume/resume_style.css,83,css,c1006619,Beliz Akbulut,2026-04-15,18:14:07,-07:00,2026-04-15T18:14:07-07:00,0,9
resume/resume_style.css,84,css,c1006619,Beliz Akbulut,2026-04-15,18:14:07,-07:00,2026-04-15T18:14:07-07:00,0,19
resume/resume_style.css,85,css,c1006619,Beliz Akbulut,2026-04-15,18:14:07,-07:00,2026-04-15T18:14:07-07:00,2,8
resume/resume_style.css,86,css,c1006619,Beliz Akbulut,2026-04-15,18:14:07,-07:00,2026-04-15T18:14:07-07:00,2,9
resume/resume_style.css,87,css,c1006619,Beliz Akbulut,2026-04-15,18:14:07,-07:00,2026-04-15T18:14:07-07:00,0,0
resume/resume_style.css,88,css,c1006619,Beliz Akbulut,2026-04-15,18:14:07,-07:00,2026-04-15T18:14:07-07:00,0,0
resume/resume_style.css,89,css,c1006619,Beliz Akbulut,2026-04-15,18:14:07,-07:00,2026-04-15T18:14:07-07:00,0,26
resume/resume_style.css,90,css,c1006619,Beliz Akbulut,2026-04-15,18:14:07,-07:00,2026-04-15T18:14:07-07:00,1,20
resume/resume_style.css,91,css,c1006619,Beliz Akbulut,2026-04-15,18:14:07,-07:00,2026-04-15T18:14:07-07:00,0,26
resume/resume_style.css,92,css,c1006619,Beliz Akbulut,2026-04-15,18:14:07,-07:00,2026-04-15T18:14:07-07:00,0,39
resume/resume_style.css,93,css,c1006619,Beliz Akbulut,2026-04-15,18:14:07,-07:00,2026-04-15T18:14:07-07:00,2,30
resume/resume_style.css,94,css,c1006619,Beliz Akbulut,2026-04-15,18:14:07,-07:00,2026-04-15T18:14:07-07:00,2,25
resume/resume_style.css,95,css,c1006619,Beliz Akbulut,2026-04-15,18:14:07,-07:00,2026-04-15T18:14:07-07:00,0,0
resume/resume_style.css,96,css,c1006619,Beliz Akbulut,2026-04-15,18:14:07,-07:00,2026-04-15T18:14:07-07:00,0,0
resume/resume_style.css,97,css,c1006619,Beliz Akbulut,2026-04-15,18:14:07,-07:00,2026-04-15T18:14:07-07:00,0,42
resume/resume_style.css,98,css,c1006619,Beliz Akbulut,2026-04-15,18:14:07,-07:00,2026-04-15T18:14:07-07:00,2,26
resume/resume_style.css,99,css,c1006619,Beliz Akbulut,2026-04-15,18:14:07,-07:00,2026-04-15T18:14:07-07:00,2,42
resume/resume_style.css,100,css,c1006619,Beliz Akbulut,2026-04-15,18:14:07,-07:00,2026-04-15T18:14:07-07:00,2,41
resume/resume_style.css,101,css,c1006619,Beliz Akbulut,2026-04-15,18:14:07,-07:00,2026-04-15T18:14:07-07:00,0,0
resume/resume_style.css,102,css,c1006619,Beliz Akbulut,2026-04-15,18:14:07,-07:00,2026-04-15T18:14:07-07:00,0,0
resume/resume_style.css,103,css,c1006619,Beliz Akbulut,2026-04-15,18:14:07,-07:00,2026-04-15T18:14:07-07:00,0,26
resume/resume_style.css,104,css,c1006619,Beliz Akbulut,2026-04-15,18:14:07,-07:00,2026-04-15T18:14:07-07:00,1,18
resume/resume_style.css,105,css,c1006619,Beliz Akbulut,2026-04-15,18:14:07,-07:00,2026-04-15T18:14:07-07:00,0,26
resume/resume_style.css,106,css,c1006619,Beliz Akbulut,2026-04-15,18:14:07,-07:00,2026-04-15T18:14:07-07:00,0,38
resume/resume_style.css,107,css,c1006619,Beliz Akbulut,2026-04-15,18:14:07,-07:00,2026-04-15T18:14:07-07:00,2,30
resume/resume_style.css,108,css,c1006619,Beliz Akbulut,2026-04-15,18:14:07,-07:00,2026-04-15T18:14:07-07:00,2,25
resume/resume_style.css,109,css,c1006619,Beliz Akbulut,2026-04-15,18:14:07,-07:00,2026-04-15T18:14:07-07:00,0,0
resume/resume_style.css,110,css,c1006619,Beliz Akbulut,2026-04-15,18:14:07,-07:00,2026-04-15T18:14:07-07:00,0,0
resume/resume_style.css,111,css,c1006619,Beliz Akbulut,2026-04-15,18:14:07,-07:00,2026-04-15T18:14:07-07:00,0,41
resume/resume_style.css,112,css,c1006619,Beliz Akbulut,2026-04-15,18:14:07,-07:00,2026-04-15T18:14:07-07:00,2,30
resume/resume_style.css,113,css,c1006619,Beliz Akbulut,2026-04-15,18:14:07,-07:00,2026-04-15T18:14:07-07:00,2,42
resume/resume_style.css,114,css,c1006619,Beliz Akbulut,2026-04-15,18:14:07,-07:00,2026-04-15T18:14:07-07:00,2,42
resume/resume_style.css,115,css,c1006619,Beliz Akbulut,2026-04-15,18:14:07,-07:00,2026-04-15T18:14:07-07:00,0,0
resume/resume_style.css,116,css,c1006619,Beliz Akbulut,2026-04-15,18:14:07,-07:00,2026-04-15T18:14:07-07:00,0,0
resume/resume_style.css,117,css,c1006619,Beliz Akbulut,2026-04-15,18:14:07,-07:00,2026-04-15T18:14:07-07:00,0,26
resume/resume_style.css,118,css,c1006619,Beliz Akbulut,2026-04-15,18:14:07,-07:00,2026-04-15T18:14:07-07:00,1,24
resume/resume_style.css,119,css,c1006619,Beliz Akbulut,2026-04-15,18:14:07,-07:00,2026-04-15T18:14:07-07:00,1,22
resume/resume_style.css,120,css,c1006619,Beliz Akbulut,2026-04-15,18:14:07,-07:00,2026-04-15T18:14:07-07:00,0,26
resume/resume_style.css,121,css,c1006619,Beliz Akbulut,2026-04-15,18:14:07,-07:00,2026-04-15T18:14:07-07:00,0,36
resume/resume_style.css,122,css,c1006619,Beliz Akbulut,2026-04-15,18:14:07,-07:00,2026-04-15T18:14:07-07:00,2,44
resume/resume_style.css,123,css,c1006619,Beliz Akbulut,2026-04-15,18:14:07,-07:00,2026-04-15T18:14:07-07:00,4,30
resume/resume_style.css,124,css,c1006619,Beliz Akbulut,2026-04-15,18:14:07,-07:00,2026-04-15T18:14:07-07:00,4,25
resume/resume_style.css,125,css,c1006619,Beliz Akbulut,2026-04-15,18:14:07,-07:00,2026-04-15T18:14:07-07:00,2,0
resume/resume_style.css,126,css,c1006619,Beliz Akbulut,2026-04-15,18:14:07,-07:00,2026-04-15T18:14:07-07:00,0,0
resume/resume_style.css,127,css,c1006619,Beliz Akbulut,2026-04-15,18:14:07,-07:00,2026-04-15T18:14:07-07:00,2,47
resume/resume_style.css,128,css,c1006619,Beliz Akbulut,2026-04-15,18:14:07,-07:00,2026-04-15T18:14:07-07:00,4,26
resume/resume_style.css,129,css,c1006619,Beliz Akbulut,2026-04-15,18:14:07,-07:00,2026-04-15T18:14:07-07:00,4,42
resume/resume_style.css,130,css,c1006619,Beliz Akbulut,2026-04-15,18:14:07,-07:00,2026-04-15T18:14:07-07:00,4,41
resume/resume_style.css,131,css,c1006619,Beliz Akbulut,2026-04-15,18:14:07,-07:00,2026-04-15T18:14:07-07:00,2,0
resume/resume_style.css,132,css,c1006619,Beliz Akbulut,2026-04-15,18:14:07,-07:00,2026-04-15T18:14:07-07:00,0,0
resume/resume_style.css,133,css,c1006619,Beliz Akbulut,2026-04-15,18:14:07,-07:00,2026-04-15T18:14:07-07:00,0,0
resume/resume_style.css,134,css,c1006619,Beliz Akbulut,2026-04-15,18:14:07,-07:00,2026-04-15T18:14:07-07:00,0,35
resume/resume_style.css,135,css,c1006619,Beliz Akbulut,2026-04-15,18:14:07,-07:00,2026-04-15T18:14:07-07:00,2,44
resume/resume_style.css,136,css,c1006619,Beliz Akbulut,2026-04-15,18:14:07,-07:00,2026-04-15T18:14:07-07:00,4,30
resume/resume_style.css,137,css,c1006619,Beliz Akbulut,2026-04-15,18:14:07,-07:00,2026-04-15T18:14:07-07:00,4,25
resume/resume_style.css,138,css,c1006619,Beliz Akbulut,2026-04-15,18:14:07,-07:00,2026-04-15T18:14:07-07:00,2,0
resume/resume_style.css,139,css,c1006619,Beliz Akbulut,2026-04-15,18:14:07,-07:00,2026-04-15T18:14:07-07:00,0,0
resume/resume_style.css,140,css,c1006619,Beliz Akbulut,2026-04-15,18:14:07,-07:00,2026-04-15T18:14:07-07:00,2,47
resume/resume_style.css,141,css,c1006619,Beliz Akbulut,2026-04-15,18:14:07,-07:00,2026-04-15T18:14:07-07:00,4,30
resume/resume_style.css,142,css,c1006619,Beliz Akbulut,2026-04-15,18:14:07,-07:00,2026-04-15T18:14:07-07:00,4,42
resume/resume_style.css,143,css,c1006619,Beliz Akbulut,2026-04-15,18:14:07,-07:00,2026-04-15T18:14:07-07:00,4,42
resume/resume_style.css,144,css,c1006619,Beliz Akbulut,2026-04-15,18:14:07,-07:00,2026-04-15T18:14:07-07:00,2,0
resume/resume_style.css,145,css,c1006619,Beliz Akbulut,2026-04-15,18:14:07,-07:00,2026-04-15T18:14:07-07:00,0,0
resume/resume_style.css,146,css,c1006619,Beliz Akbulut,2026-04-15,18:14:07,-07:00,2026-04-15T18:14:07-07:00,0,0
resume/resume_style.css,147,css,c1006619,Beliz Akbulut,2026-04-15,18:14:07,-07:00,2026-04-15T18:14:07-07:00,0,26
resume/resume_style.css,148,css,c1006619,Beliz Akbulut,2026-04-15,18:14:07,-07:00,2026-04-15T18:14:07-07:00,1,12
resume/resume_style.css,149,css,c1006619,Beliz Akbulut,2026-04-15,18:14:07,-07:00,2026-04-15T18:14:07-07:00,0,26
resume/resume_style.css,150,css,c1006619,Beliz Akbulut,2026-04-15,18:14:07,-07:00,2026-04-15T18:14:07-07:00,0,0
resume/resume_style.css,151,css,c1006619,Beliz Akbulut,2026-04-15,18:14:07,-07:00,2026-04-15T18:14:07-07:00,0,4
resume/resume_style.css,152,css,c1006619,Beliz Akbulut,2026-04-15,18:14:07,-07:00,2026-04-15T18:14:07-07:00,2,57
resume/resume_style.css,153,css,c1006619,Beliz Akbulut,2026-04-15,18:14:07,-07:00,2026-04-15T18:14:07-07:00,2,15
resume/resume_style.css,154,css,c1006619,Beliz Akbulut,2026-04-15,18:14:07,-07:00,2026-04-15T18:14:07-07:00,0,0
resume/resume_style.css,155,css,c1006619,Beliz Akbulut,2026-04-15,18:14:07,-07:00,2026-04-15T18:14:07-07:00,0,0
resume/resume_style.css,156,css,c1006619,Beliz Akbulut,2026-04-15,18:14:07,-07:00,2026-04-15T18:14:07-07:00,0,7
resume/resume_style.css,157,css,c1006619,Beliz Akbulut,2026-04-15,18:14:07,-07:00,2026-04-15T18:14:07-07:00,2,15
resume/resume_style.css,158,css,c1006619,Beliz Akbulut,2026-04-15,18:14:07,-07:00,2026-04-15T18:14:07-07:00,2,16
resume/resume_style.css,159,css,c1006619,Beliz Akbulut,2026-04-15,18:14:07,-07:00,2026-04-15T18:14:07-07:00,2,12
resume/resume_style.css,160,css,c1006619,Beliz Akbulut,2026-04-15,18:14:07,-07:00,2026-04-15T18:14:07-07:00,2,18
resume/resume_style.css,161,css,c1006619,Beliz Akbulut,2026-04-15,18:14:07,-07:00,2026-04-15T18:14:07-07:00,0,0
resume/resume_style.css,162,css,c1006619,Beliz Akbulut,2026-04-15,18:14:07,-07:00,2026-04-15T18:14:07-07:00,0,0
resume/resume_style.css,163,css,c1006619,Beliz Akbulut,2026-04-15,18:14:07,-07:00,2026-04-15T18:14:07-07:00,0,2
resume/resume_style.css,164,css,c1006619,Beliz Akbulut,2026-04-15,18:14:07,-07:00,2026-04-15T18:14:07-07:00,2,16
resume/resume_style.css,165,css,c1006619,Beliz Akbulut,2026-04-15,18:14:07,-07:00,2026-04-15T18:14:07-07:00,2,15
resume/resume_style.css,166,css,c1006619,Beliz Akbulut,2026-04-15,18:14:07,-07:00,2026-04-15T18:14:07-07:00,2,18
resume/resume_style.css,167,css,c1006619,Beliz Akbulut,2026-04-15,18:14:07,-07:00,2026-04-15T18:14:07-07:00,0,0
resume/resume_style.css,168,css,c1006619,Beliz Akbulut,2026-04-15,18:14:07,-07:00,2026-04-15T18:14:07-07:00,0,0
resume/resume_style.css,169,css,c1006619,Beliz Akbulut,2026-04-15,18:14:07,-07:00,2026-04-15T18:14:07-07:00,0,2
resume/resume_style.css,170,css,c1006619,Beliz Akbulut,2026-04-15,18:14:07,-07:00,2026-04-15T18:14:07-07:00,2,16
resume/resume_style.css,171,css,c1006619,Beliz Akbulut,2026-04-15,18:14:07,-07:00,2026-04-15T18:14:07-07:00,2,18
resume/resume_style.css,172,css,c1006619,Beliz Akbulut,2026-04-15,18:14:07,-07:00,2026-04-15T18:14:07-07:00,0,0
resume/resume_style.css,173,css,c1006619,Beliz Akbulut,2026-04-15,18:14:07,-07:00,2026-04-15T18:14:07-07:00,0,0
resume/resume_style.css,174,css,c1006619,Beliz Akbulut,2026-04-15,18:14:07,-07:00,2026-04-15T18:14:07-07:00,0,5
resume/resume_style.css,175,css,c1006619,Beliz Akbulut,2026-04-15,18:14:07,-07:00,2026-04-15T18:14:07-07:00,2,17
resume/resume_style.css,176,css,c1006619,Beliz Akbulut,2026-04-15,18:14:07,-07:00,2026-04-15T18:14:07-07:00,0,0
resume/resume_style.css,177,css,c1006619,Beliz Akbulut,2026-04-15,18:14:07,-07:00,2026-04-15T18:14:07-07:00,0,0
resume/resume_style.css,178,css,c1006619,Beliz Akbulut,2026-04-15,18:14:07,-07:00,2026-04-15T18:14:07-07:00,0,4
resume/resume_style.css,179,css,c1006619,Beliz Akbulut,2026-04-15,18:14:07,-07:00,2026-04-15T18:14:07-07:00,2,11
resume/resume_style.css,180,css,c1006619,Beliz Akbulut,2026-04-15,18:14:07,-07:00,2026-04-15T18:14:07-07:00,2,17
resume/resume_style.css,181,css,c1006619,Beliz Akbulut,2026-04-15,18:14:07,-07:00,2026-04-15T18:14:07-07:00,0,0
resume/resume_style.css,182,css,c1006619,Beliz Akbulut,2026-04-15,18:14:07,-07:00,2026-04-15T18:14:07-07:00,0,0
resume/resume_style.css,183,css,c1006619,Beliz Akbulut,2026-04-15,18:14:07,-07:00,2026-04-15T18:14:07-07:00,0,2
resume/resume_style.css,184,css,c1006619,Beliz Akbulut,2026-04-15,18:14:07,-07:00,2026-04-15T18:14:07-07:00,2,11
resume/resume_style.css,185,css,c1006619,Beliz Akbulut,2026-04-15,18:14:07,-07:00,2026-04-15T18:14:07-07:00,2,10
resume/resume_style.css,186,css,c1006619,Beliz Akbulut,2026-04-15,18:14:07,-07:00,2026-04-15T18:14:07-07:00,2,18
resume/resume_style.css,187,css,088718fc,Beliz Akbulut,2026-04-02,23:58:06,-07:00,2026-04-02T23:58:06-07:00,0,0
resume/index.html,1,html,088718fc,Beliz Akbulut,2026-04-02,23:58:06,-07:00,2026-04-02T23:58:06-07:00,0,13
resume/index.html,2,html,088718fc,Beliz Akbulut,2026-04-02,23:58:06,-07:00,2026-04-02T23:58:06-07:00,0,14
resume/index.html,3,html,088718fc,Beliz Akbulut,2026-04-02,23:58:06,-07:00,2026-04-02T23:58:06-07:00,0,4
resume/index.html,4,html,088718fc,Beliz Akbulut,2026-04-02,23:58:06,-07:00,2026-04-02T23:58:06-07:00,2,45
resume/index.html,5,html,a1a1c834,Beliz Akbulut,2026-04-09,12:39:56,-07:00,2026-04-09T12:39:56-07:00,2,41
resume/index.html,6,html,088718fc,Beliz Akbulut,2026-04-02,23:58:06,-07:00,2026-04-02T23:58:06-07:00,2,20
resume/index.html,7,html,088718fc,Beliz Akbulut,2026-04-02,23:58:06,-07:00,2026-04-02T23:58:06-07:00,2,68
resume/index.html,8,html,088718fc,Beliz Akbulut,2026-04-02,23:58:06,-07:00,2026-04-02T23:58:06-07:00,2,33
resume/index.html,9,html,088718fc,Beliz Akbulut,2026-04-02,23:58:06,-07:00,2026-04-02T23:58:06-07:00,0,5
resume/index.html,10,html,088718fc,Beliz Akbulut,2026-04-02,23:58:06,-07:00,2026-04-02T23:58:06-07:00,0,4
resume/index.html,11,html,c1006619,Beliz Akbulut,2026-04-15,18:14:07,-07:00,2026-04-15T18:14:07-07:00,2,48
resume/index.html,12,html,088718fc,Beliz Akbulut,2026-04-02,23:58:06,-07:00,2026-04-02T23:58:06-07:00,2,7
resume/index.html,13,html,088718fc,Beliz Akbulut,2026-04-02,23:58:06,-07:00,2026-04-02T23:58:06-07:00,4,22
resume/index.html,14,html,088718fc,Beliz Akbulut,2026-04-02,23:58:06,-07:00,2026-04-02T23:58:06-07:00,4,7
resume/index.html,15,html,088718fc,Beliz Akbulut,2026-04-02,23:58:06,-07:00,2026-04-02T23:58:06-07:00,6,21
resume/index.html,16,html,088718fc,Beliz Akbulut,2026-04-02,23:58:06,-07:00,2026-04-02T23:58:06-07:00,6,1
resume/index.html,17,html,088718fc,Beliz Akbulut,2026-04-02,23:58:06,-07:00,2026-04-02T23:58:06-07:00,8,83
resume/index.html,18,html,088718fc,Beliz Akbulut,2026-04-02,23:58:06,-07:00,2026-04-02T23:58:06-07:00,8,92
resume/index.html,19,html,088718fc,Beliz Akbulut,2026-04-02,23:58:06,-07:00,2026-04-02T23:58:06-07:00,8,86
resume/index.html,20,html,088718fc,Beliz Akbulut,2026-04-02,23:58:06,-07:00,2026-04-02T23:58:06-07:00,6,2
resume/index.html,21,html,088718fc,Beliz Akbulut,2026-04-02,23:58:06,-07:00,2026-04-02T23:58:06-07:00,4,8
resume/index.html,22,html,088718fc,Beliz Akbulut,2026-04-02,23:58:06,-07:00,2026-04-02T23:58:06-07:00,4,7
resume/index.html,23,html,088718fc,Beliz Akbulut,2026-04-02,23:58:06,-07:00,2026-04-02T23:58:06-07:00,6,23
resume/index.html,24,html,088718fc,Beliz Akbulut,2026-04-02,23:58:06,-07:00,2026-04-02T23:58:06-07:00,6,78
resume/index.html,25,html,088718fc,Beliz Akbulut,2026-04-02,23:58:06,-07:00,2026-04-02T23:58:06-07:00,8,65
resume/index.html,26,html,088718fc,Beliz Akbulut,2026-04-02,23:58:06,-07:00,2026-04-02T23:58:06-07:00,0,0
resume/index.html,27,html,088718fc,Beliz Akbulut,2026-04-02,23:58:06,-07:00,2026-04-02T23:58:06-07:00,6,2
resume/index.html,28,html,088718fc,Beliz Akbulut,2026-04-02,23:58:06,-07:00,2026-04-02T23:58:06-07:00,8,20
resume/index.html,29,html,088718fc,Beliz Akbulut,2026-04-02,23:58:06,-07:00,2026-04-02T23:58:06-07:00,8,110
resume/index.html,30,html,088718fc,Beliz Akbulut,2026-04-02,23:58:06,-07:00,2026-04-02T23:58:06-07:00,6,3
resume/index.html,31,html,088718fc,Beliz Akbulut,2026-04-02,23:58:06,-07:00,2026-04-02T23:58:06-07:00,0,0
resume/index.html,32,html,088718fc,Beliz Akbulut,2026-04-02,23:58:06,-07:00,2026-04-02T23:58:06-07:00,4,8
resume/index.html,33,html,088718fc,Beliz Akbulut,2026-04-02,23:58:06,-07:00,2026-04-02T23:58:06-07:00,4,7
resume/index.html,34,html,088718fc,Beliz Akbulut,2026-04-02,23:58:06,-07:00,2026-04-02T23:58:06-07:00,6,20
resume/index.html,35,html,088718fc,Beliz Akbulut,2026-04-02,23:58:06,-07:00,2026-04-02T23:58:06-07:00,6,2
resume/index.html,36,html,088718fc,Beliz Akbulut,2026-04-02,23:58:06,-07:00,2026-04-02T23:58:06-07:00,8,67
resume/index.html,37,html,088718fc,Beliz Akbulut,2026-04-02,23:58:06,-07:00,2026-04-02T23:58:06-07:00,8,81
resume/index.html,38,html,088718fc,Beliz Akbulut,2026-04-02,23:58:06,-07:00,2026-04-02T23:58:06-07:00,8,35
resume/index.html,39,html,088718fc,Beliz Akbulut,2026-04-02,23:58:06,-07:00,2026-04-02T23:58:06-07:00,7,3
resume/index.html,40,html,088718fc,Beliz Akbulut,2026-04-02,23:58:06,-07:00,2026-04-02T23:58:06-07:00,4,8
resume/index.html,41,html,088718fc,Beliz Akbulut,2026-04-02,23:58:06,-07:00,2026-04-02T23:58:06-07:00,0,0
resume/index.html,42,html,088718fc,Beliz Akbulut,2026-04-02,23:58:06,-07:00,2026-04-02T23:58:06-07:00,4,7
resume/index.html,43,html,088718fc,Beliz Akbulut,2026-04-02,23:58:06,-07:00,2026-04-02T23:58:06-07:00,6,29
resume/index.html,44,html,088718fc,Beliz Akbulut,2026-04-02,23:58:06,-07:00,2026-04-02T23:58:06-07:00,6,57
resume/index.html,45,html,088718fc,Beliz Akbulut,2026-04-02,23:58:06,-07:00,2026-04-02T23:58:06-07:00,8,56
resume/index.html,46,html,088718fc,Beliz Akbulut,2026-04-02,23:58:06,-07:00,2026-04-02T23:58:06-07:00,8,37
resume/index.html,47,html,088718fc,Beliz Akbulut,2026-04-02,23:58:06,-07:00,2026-04-02T23:58:06-07:00,8,2
resume/index.html,48,html,088718fc,Beliz Akbulut,2026-04-02,23:58:06,-07:00,2026-04-02T23:58:06-07:00,10,116
resume/index.html,49,html,088718fc,Beliz Akbulut,2026-04-02,23:58:06,-07:00,2026-04-02T23:58:06-07:00,10,97
resume/index.html,50,html,088718fc,Beliz Akbulut,2026-04-02,23:58:06,-07:00,2026-04-02T23:58:06-07:00,10,86
resume/index.html,51,html,088718fc,Beliz Akbulut,2026-04-02,23:58:06,-07:00,2026-04-02T23:58:06-07:00,8,3
resume/index.html,52,html,088718fc,Beliz Akbulut,2026-04-02,23:58:06,-07:00,2026-04-02T23:58:06-07:00,0,0
resume/index.html,53,html,c1006619,Beliz Akbulut,2026-04-15,18:14:07,-07:00,2026-04-15T18:14:07-07:00,6,42
resume/index.html,54,html,088718fc,Beliz Akbulut,2026-04-02,23:58:06,-07:00,2026-04-02T23:58:06-07:00,8,57
resume/index.html,55,html,088718fc,Beliz Akbulut,2026-04-02,23:58:06,-07:00,2026-04-02T23:58:06-07:00,8,21
resume/index.html,56,html,088718fc,Beliz Akbulut,2026-04-02,23:58:06,-07:00,2026-04-02T23:58:06-07:00,8,2
resume/index.html,57,html,088718fc,Beliz Akbulut,2026-04-02,23:58:06,-07:00,2026-04-02T23:58:06-07:00,10,131
resume/index.html,58,html,088718fc,Beliz Akbulut,2026-04-02,23:58:06,-07:00,2026-04-02T23:58:06-07:00,10,66
resume/index.html,59,html,088718fc,Beliz Akbulut,2026-04-02,23:58:06,-07:00,2026-04-02T23:58:06-07:00,10,104
resume/index.html,60,html,088718fc,Beliz Akbulut,2026-04-02,23:58:06,-07:00,2026-04-02T23:58:06-07:00,10,111
resume/index.html,61,html,088718fc,Beliz Akbulut,2026-04-02,23:58:06,-07:00,2026-04-02T23:58:06-07:00,8,3
resume/index.html,62,html,088718fc,Beliz Akbulut,2026-04-02,23:58:06,-07:00,2026-04-02T23:58:06-07:00,4,8
resume/index.html,63,html,088718fc,Beliz Akbulut,2026-04-02,23:58:06,-07:00,2026-04-02T23:58:06-07:00,4,7
resume/index.html,64,html,088718fc,Beliz Akbulut,2026-04-02,23:58:06,-07:00,2026-04-02T23:58:06-07:00,6,30
resume/index.html,65,html,088718fc,Beliz Akbulut,2026-04-02,23:58:06,-07:00,2026-04-02T23:58:06-07:00,6,82
resume/index.html,66,html,088718fc,Beliz Akbulut,2026-04-02,23:58:06,-07:00,2026-04-02T23:58:06-07:00,8,2
resume/index.html,67,html,088718fc,Beliz Akbulut,2026-04-02,23:58:06,-07:00,2026-04-02T23:58:06-07:00,10,129
resume/index.html,68,html,088718fc,Beliz Akbulut,2026-04-02,23:58:06,-07:00,2026-04-02T23:58:06-07:00,12,44
resume/index.html,69,html,088718fc,Beliz Akbulut,2026-04-02,23:58:06,-07:00,2026-04-02T23:58:06-07:00,10,131
resume/index.html,70,html,088718fc,Beliz Akbulut,2026-04-02,23:58:06,-07:00,2026-04-02T23:58:06-07:00,12,36
resume/index.html,71,html,088718fc,Beliz Akbulut,2026-04-02,23:58:06,-07:00,2026-04-02T23:58:06-07:00,10,133
resume/index.html,72,html,088718fc,Beliz Akbulut,2026-04-02,23:58:06,-07:00,2026-04-02T23:58:06-07:00,12,22
resume/index.html,73,html,088718fc,Beliz Akbulut,2026-04-02,23:58:06,-07:00,2026-04-02T23:58:06-07:00,8,3
resume/index.html,74,html,088718fc,Beliz Akbulut,2026-04-02,23:58:06,-07:00,2026-04-02T23:58:06-07:00,0,0
resume/index.html,75,html,c1006619,Beliz Akbulut,2026-04-15,18:14:07,-07:00,2026-04-15T18:14:07-07:00,6,149
resume/index.html,76,html,088718fc,Beliz Akbulut,2026-04-02,23:58:06,-07:00,2026-04-02T23:58:06-07:00,8,2
resume/index.html,77,html,088718fc,Beliz Akbulut,2026-04-02,23:58:06,-07:00,2026-04-02T23:58:06-07:00,10,116
resume/index.html,78,html,088718fc,Beliz Akbulut,2026-04-02,23:58:06,-07:00,2026-04-02T23:58:06-07:00,10,132
resume/index.html,79,html,088718fc,Beliz Akbulut,2026-04-02,23:58:06,-07:00,2026-04-02T23:58:06-07:00,12,62
resume/index.html,80,html,088718fc,Beliz Akbulut,2026-04-02,23:58:06,-07:00,2026-04-02T23:58:06-07:00,10,126
resume/index.html,81,html,088718fc,Beliz Akbulut,2026-04-02,23:58:06,-07:00,2026-04-02T23:58:06-07:00,12,51
resume/index.html,82,html,088718fc,Beliz Akbulut,2026-04-02,23:58:06,-07:00,2026-04-02T23:58:06-07:00,10,134
resume/index.html,83,html,088718fc,Beliz Akbulut,2026-04-02,23:58:06,-07:00,2026-04-02T23:58:06-07:00,12,114
resume/index.html,84,html,088718fc,Beliz Akbulut,2026-04-02,23:58:06,-07:00,2026-04-02T23:58:06-07:00,8,3
resume/index.html,85,html,088718fc,Beliz Akbulut,2026-04-02,23:58:06,-07:00,2026-04-02T23:58:06-07:00,0,0
resume/index.html,86,html,c1006619,Beliz Akbulut,2026-04-15,18:14:07,-07:00,2026-04-15T18:14:07-07:00,6,74
resume/index.html,87,html,088718fc,Beliz Akbulut,2026-04-02,23:58:06,-07:00,2026-04-02T23:58:06-07:00,8,2
resume/index.html,88,html,088718fc,Beliz Akbulut,2026-04-02,23:58:06,-07:00,2026-04-02T23:58:06-07:00,10,142
resume/index.html,89,html,088718fc,Beliz Akbulut,2026-04-02,23:58:06,-07:00,2026-04-02T23:58:06-07:00,12,100
resume/index.html,90,html,088718fc,Beliz Akbulut,2026-04-02,23:58:06,-07:00,2026-04-02T23:58:06-07:00,10,137
resume/index.html,91,html,088718fc,Beliz Akbulut,2026-04-02,23:58:06,-07:00,2026-04-02T23:58:06-07:00,12,20
resume/index.html,92,html,088718fc,Beliz Akbulut,2026-04-02,23:58:06,-07:00,2026-04-02T23:58:06-07:00,10,145
resume/index.html,93,html,088718fc,Beliz Akbulut,2026-04-02,23:58:06,-07:00,2026-04-02T23:58:06-07:00,12,44
resume/index.html,94,html,088718fc,Beliz Akbulut,2026-04-02,23:58:06,-07:00,2026-04-02T23:58:06-07:00,10,143
resume/index.html,95,html,088718fc,Beliz Akbulut,2026-04-02,23:58:06,-07:00,2026-04-02T23:58:06-07:00,12,60
resume/index.html,96,html,088718fc,Beliz Akbulut,2026-04-02,23:58:06,-07:00,2026-04-02T23:58:06-07:00,8,3
resume/index.html,97,html,088718fc,Beliz Akbulut,2026-04-02,23:58:06,-07:00,2026-04-02T23:58:06-07:00,4,8
resume/index.html,98,html,088718fc,Beliz Akbulut,2026-04-02,23:58:06,-07:00,2026-04-02T23:58:06-07:00,2,8
resume/index.html,99,html,088718fc,Beliz Akbulut,2026-04-02,23:58:06,-07:00,2026-04-02T23:58:06-07:00,0,5
resume/index.html,100,html,088718fc,Beliz Akbulut,2026-04-02,23:58:06,-07:00,2026-04-02T23:58:06-07:00,0,5
projects/projects.js,1,js,82684adb,Beliz Akbulut,2026-04-21,15:02:05,-07:00,2026-04-21T15:02:05-07:00,0,55
projects/projects.js,2,js,82684adb,Beliz Akbulut,2026-04-21,15:02:05,-07:00,2026-04-21T15:02:05-07:00,0,0
projects/projects.js,3,js,82684adb,Beliz Akbulut,2026-04-21,15:02:05,-07:00,2026-04-21T15:02:05-07:00,0,55
projects/projects.js,4,js,82684adb,Beliz Akbulut,2026-04-21,15:02:05,-07:00,2026-04-21T15:02:05-07:00,0,60
projects/projects.js,5,js,1bb43de5,Beliz Akbulut,2026-04-23,14:40:09,-07:00,2026-04-23T14:40:09-07:00,0,42
projects/projects.js,6,js,1bb43de5,Beliz Akbulut,2026-04-23,14:40:09,-07:00,2026-04-23T14:40:09-07:00,0,0
projects/projects.js,7,js,1bb43de5,Beliz Akbulut,2026-04-23,14:40:09,-07:00,2026-04-23T14:40:09-07:00,0,0
projects/projects.js,8,js,1bb43de5,Beliz Akbulut,2026-04-23,14:40:09,-07:00,2026-04-23T14:40:09-07:00,0,61
projects/projects.js,9,js,716f54eb,Beliz Akbulut,2026-05-01,18:06:27,-07:00,2026-05-01T18:06:27-07:00,0,55
projects/projects.js,10,js,716f54eb,Beliz Akbulut,2026-05-01,18:06:27,-07:00,2026-05-01T18:06:27-07:00,0,0
projects/projects.js,11,js,716f54eb,Beliz Akbulut,2026-05-01,18:06:27,-07:00,2026-05-01T18:06:27-07:00,0,63
projects/projects.js,12,js,716f54eb,Beliz Akbulut,2026-05-01,18:06:27,-07:00,2026-05-01T18:06:27-07:00,0,0
projects/projects.js,13,js,716f54eb,Beliz Akbulut,2026-05-01,18:06:27,-07:00,2026-05-01T18:06:27-07:00,0,38
projects/projects.js,14,js,716f54eb,Beliz Akbulut,2026-05-01,18:06:27,-07:00,2026-05-01T18:06:27-07:00,2,25
projects/projects.js,15,js,716f54eb,Beliz Akbulut,2026-05-01,18:06:27,-07:00,2026-05-01T18:06:27-07:00,2,29
projects/projects.js,16,js,716f54eb,Beliz Akbulut,2026-05-01,18:06:27,-07:00,2026-05-01T18:06:27-07:00,3,12
projects/projects.js,17,js,716f54eb,Beliz Akbulut,2026-05-01,18:06:27,-07:00,2026-05-01T18:06:27-07:00,3,14
projects/projects.js,18,js,716f54eb,Beliz Akbulut,2026-05-01,18:06:27,-07:00,2026-05-01T18:06:27-07:00,3,12
projects/projects.js,19,js,716f54eb,Beliz Akbulut,2026-05-01,18:06:27,-07:00,2026-05-01T18:06:27-07:00,2,0
projects/projects.js,20,js,716f54eb,Beliz Akbulut,2026-05-01,18:06:27,-07:00,2026-05-01T18:06:27-07:00,1,0
projects/projects.js,21,js,716f54eb,Beliz Akbulut,2026-05-01,18:06:27,-07:00,2026-05-01T18:06:27-07:00,2,18
projects/projects.js,22,js,716f54eb,Beliz Akbulut,2026-05-01,18:06:27,-07:00,2026-05-01T18:06:27-07:00,2,50
projects/projects.js,23,js,716f54eb,Beliz Akbulut,2026-05-01,18:06:27,-07:00,2026-05-01T18:06:27-07:00,3,35
projects/projects.js,24,js,716f54eb,Beliz Akbulut,2026-05-01,18:06:27,-07:00,2026-05-01T18:06:27-07:00,2,1
projects/projects.js,25,js,716f54eb,Beliz Akbulut,2026-05-01,18:06:27,-07:00,2026-05-01T18:06:27-07:00,1,0
projects/projects.js,26,js,716f54eb,Beliz Akbulut,2026-05-01,18:06:27,-07:00,2026-05-01T18:06:27-07:00,2,50
projects/projects.js,27,js,716f54eb,Beliz Akbulut,2026-05-01,18:06:27,-07:00,2026-05-01T18:06:27-07:00,2,53
projects/projects.js,28,js,716f54eb,Beliz Akbulut,2026-05-01,18:06:27,-07:00,2026-05-01T18:06:27-07:00,2,42
projects/projects.js,29,js,716f54eb,Beliz Akbulut,2026-05-01,18:06:27,-07:00,2026-05-01T18:06:27-07:00,2,57
projects/projects.js,30,js,716f54eb,Beliz Akbulut,2026-05-01,18:06:27,-07:00,2026-05-01T18:06:27-07:00,2,51
projects/projects.js,31,js,716f54eb,Beliz Akbulut,2026-05-01,18:06:27,-07:00,2026-05-01T18:06:27-07:00,1,0
projects/projects.js,32,js,716f54eb,Beliz Akbulut,2026-05-01,18:06:27,-07:00,2026-05-01T18:06:27-07:00,2,47
projects/projects.js,33,js,716f54eb,Beliz Akbulut,2026-05-01,18:06:27,-07:00,2026-05-01T18:06:27-07:00,1,0
projects/projects.js,34,js,716f54eb,Beliz Akbulut,2026-05-01,18:06:27,-07:00,2026-05-01T18:06:27-07:00,2,33
projects/projects.js,35,js,716f54eb,Beliz Akbulut,2026-05-01,18:06:27,-07:00,2026-05-01T18:06:27-07:00,2,28
projects/projects.js,36,js,716f54eb,Beliz Akbulut,2026-05-01,18:06:27,-07:00,2026-05-01T18:06:27-07:00,2,32
projects/projects.js,37,js,716f54eb,Beliz Akbulut,2026-05-01,18:06:27,-07:00,2026-05-01T18:06:27-07:00,2,44
projects/projects.js,38,js,716f54eb,Beliz Akbulut,2026-05-01,18:06:27,-07:00,2026-05-01T18:06:27-07:00,1,0
projects/projects.js,39,js,716f54eb,Beliz Akbulut,2026-05-01,18:06:27,-07:00,2026-05-01T18:06:27-07:00,2,53
projects/projects.js,40,js,716f54eb,Beliz Akbulut,2026-05-01,18:06:27,-07:00,2026-05-01T18:06:27-07:00,2,21
projects/projects.js,41,js,716f54eb,Beliz Akbulut,2026-05-01,18:06:27,-07:00,2026-05-01T18:06:27-07:00,0,0
projects/projects.js,42,js,716f54eb,Beliz Akbulut,2026-05-01,18:06:27,-07:00,2026-05-01T18:06:27-07:00,2,25
projects/projects.js,43,js,716f54eb,Beliz Akbulut,2026-05-01,18:06:27,-07:00,2026-05-01T18:06:27-07:00,2,32
projects/projects.js,44,js,716f54eb,Beliz Akbulut,2026-05-01,18:06:27,-07:00,2026-05-01T18:06:27-07:00,2,0
projects/projects.js,45,js,716f54eb,Beliz Akbulut,2026-05-01,18:06:27,-07:00,2026-05-01T18:06:27-07:00,2,29
projects/projects.js,46,js,716f54eb,Beliz Akbulut,2026-05-01,18:06:27,-07:00,2026-05-01T18:06:27-07:00,2,0
projects/projects.js,47,js,716f54eb,Beliz Akbulut,2026-05-01,18:06:27,-07:00,2026-05-01T18:06:27-07:00,2,27
projects/projects.js,48,js,716f54eb,Beliz Akbulut,2026-05-01,18:06:27,-07:00,2026-05-01T18:06:27-07:00,3,1
projects/projects.js,49,js,716f54eb,Beliz Akbulut,2026-05-01,18:06:27,-07:00,2026-05-01T18:06:27-07:00,4,13
projects/projects.js,50,js,716f54eb,Beliz Akbulut,2026-05-01,18:06:27,-07:00,2026-05-01T18:06:27-07:00,4,13
projects/projects.js,51,js,716f54eb,Beliz Akbulut,2026-05-01,18:06:27,-07:00,2026-05-01T18:06:27-07:00,4,22
projects/projects.js,52,js,716f54eb,Beliz Akbulut,2026-05-01,18:06:27,-07:00,2026-05-01T18:06:27-07:00,4,18
projects/projects.js,53,js,716f54eb,Beliz Akbulut,2026-05-01,18:06:27,-07:00,2026-05-01T18:06:27-07:00,5,43
projects/projects.js,54,js,716f54eb,Beliz Akbulut,2026-05-01,18:06:27,-07:00,2026-05-01T18:06:27-07:00,2,0
projects/projects.js,55,js,716f54eb,Beliz Akbulut,2026-05-01,18:06:27,-07:00,2026-05-01T18:06:27-07:00,5,1
projects/projects.js,56,js,716f54eb,Beliz Akbulut,2026-05-01,18:06:27,-07:00,2026-05-01T18:06:27-07:00,6,16
projects/projects.js,57,js,716f54eb,Beliz Akbulut,2026-05-01,18:06:27,-07:00,2026-05-01T18:06:27-07:00,6,24
projects/projects.js,58,js,716f54eb,Beliz Akbulut,2026-05-01,18:06:27,-07:00,2026-05-01T18:06:27-07:00,7,37
projects/projects.js,59,js,716f54eb,Beliz Akbulut,2026-05-01,18:06:27,-07:00,2026-05-01T18:06:27-07:00,6,0
projects/projects.js,60,js,716f54eb,Beliz Akbulut,2026-05-01,18:06:27,-07:00,2026-05-01T18:06:27-07:00,2,0
projects/projects.js,61,js,716f54eb,Beliz Akbulut,2026-05-01,18:06:27,-07:00,2026-05-01T18:06:27-07:00,5,4
projects/projects.js,62,js,716f54eb,Beliz Akbulut,2026-05-01,18:06:27,-07:00,2026-05-01T18:06:27-07:00,6,14
projects/projects.js,63,js,716f54eb,Beliz Akbulut,2026-05-01,18:06:27,-07:00,2026-05-01T18:06:27-07:00,6,24
projects/projects.js,64,js,716f54eb,Beliz Akbulut,2026-05-01,18:06:27,-07:00,2026-05-01T18:06:27-07:00,7,37
projects/projects.js,65,js,716f54eb,Beliz Akbulut,2026-05-01,18:06:27,-07:00,2026-05-01T18:06:27-07:00,6,0
projects/projects.js,66,js,716f54eb,Beliz Akbulut,2026-05-01,18:06:27,-07:00,2026-05-01T18:06:27-07:00,2,0
projects/projects.js,67,js,716f54eb,Beliz Akbulut,2026-05-01,18:06:27,-07:00,2026-05-01T18:06:27-07:00,5,25
projects/projects.js,68,js,716f54eb,Beliz Akbulut,2026-05-01,18:06:27,-07:00,2026-05-01T18:06:27-07:00,6,53
projects/projects.js,69,js,716f54eb,Beliz Akbulut,2026-05-01,18:06:27,-07:00,2026-05-01T18:06:27-07:00,5,6
projects/projects.js,70,js,716f54eb,Beliz Akbulut,2026-05-01,18:06:27,-07:00,2026-05-01T18:06:27-07:00,6,36
projects/projects.js,71,js,716f54eb,Beliz Akbulut,2026-05-01,18:06:27,-07:00,2026-05-01T18:06:27-07:00,7,44
projects/projects.js,72,js,716f54eb,Beliz Akbulut,2026-05-01,18:06:27,-07:00,2026-05-01T18:06:27-07:00,6,0
projects/projects.js,73,js,716f54eb,Beliz Akbulut,2026-05-01,18:06:27,-07:00,2026-05-01T18:06:27-07:00,6,48
projects/projects.js,74,js,716f54eb,Beliz Akbulut,2026-05-01,18:06:27,-07:00,2026-05-01T18:06:27-07:00,5,0
projects/projects.js,75,js,716f54eb,Beliz Akbulut,2026-05-01,18:06:27,-07:00,2026-05-01T18:06:27-07:00,4,1
projects/projects.js,76,js,716f54eb,Beliz Akbulut,2026-05-01,18:06:27,-07:00,2026-05-01T18:06:27-07:00,2,1
projects/projects.js,77,js,716f54eb,Beliz Akbulut,2026-05-01,18:06:27,-07:00,2026-05-01T18:06:27-07:00,1,0
projects/projects.js,78,js,716f54eb,Beliz Akbulut,2026-05-01,18:06:27,-07:00,2026-05-01T18:06:27-07:00,2,27
projects/projects.js,79,js,716f54eb,Beliz Akbulut,2026-05-01,18:06:27,-07:00,2026-05-01T18:06:27-07:00,3,4
projects/projects.js,80,js,716f54eb,Beliz Akbulut,2026-05-01,18:06:27,-07:00,2026-05-01T18:06:27-07:00,4,11
projects/projects.js,81,js,716f54eb,Beliz Akbulut,2026-05-01,18:06:27,-07:00,2026-05-01T18:06:27-07:00,4,38
projects/projects.js,82,js,716f54eb,Beliz Akbulut,2026-05-01,18:06:27,-07:00,2026-05-01T18:06:27-07:00,4,69
projects/projects.js,83,js,716f54eb,Beliz Akbulut,2026-05-01,18:06:27,-07:00,2026-05-01T18:06:27-07:00,2,1
projects/projects.js,84,js,716f54eb,Beliz Akbulut,2026-05-01,18:06:27,-07:00,2026-05-01T18:06:27-07:00,1,0
projects/projects.js,85,js,716f54eb,Beliz Akbulut,2026-05-01,18:06:27,-07:00,2026-05-01T18:06:27-07:00,0,0
projects/projects.js,86,js,716f54eb,Beliz Akbulut,2026-05-01,18:06:27,-07:00,2026-05-01T18:06:27-07:00,0,32
projects/projects.js,87,js,716f54eb,Beliz Akbulut,2026-05-01,18:06:27,-07:00,2026-05-01T18:06:27-07:00,0,23
projects/projects.js,88,js,716f54eb,Beliz Akbulut,2026-05-01,18:06:27,-07:00,2026-05-01T18:06:27-07:00,0,0
projects/projects.js,89,js,716f54eb,Beliz Akbulut,2026-05-01,18:06:27,-07:00,2026-05-01T18:06:27-07:00,0,0
projects/projects.js,90,js,716f54eb,Beliz Akbulut,2026-05-01,18:06:27,-07:00,2026-05-01T18:06:27-07:00,0,13
projects/projects.js,91,js,716f54eb,Beliz Akbulut,2026-05-01,18:06:27,-07:00,2026-05-01T18:06:27-07:00,0,53
projects/projects.js,92,js,716f54eb,Beliz Akbulut,2026-05-01,18:06:27,-07:00,2026-05-01T18:06:27-07:00,0,0
projects/projects.js,93,js,716f54eb,Beliz Akbulut,2026-05-01,18:06:27,-07:00,2026-05-01T18:06:27-07:00,0,48
projects/projects.js,94,js,716f54eb,Beliz Akbulut,2026-05-01,18:06:27,-07:00,2026-05-01T18:06:27-07:00,1,13
projects/projects.js,95,js,716f54eb,Beliz Akbulut,2026-05-01,18:06:27,-07:00,2026-05-01T18:06:27-07:00,1,25
projects/projects.js,96,js,716f54eb,Beliz Akbulut,2026-05-01,18:06:27,-07:00,2026-05-01T18:06:27-07:00,0,0
projects/projects.js,97,js,716f54eb,Beliz Akbulut,2026-05-01,18:06:27,-07:00,2026-05-01T18:06:27-07:00,1,16
projects/projects.js,98,js,716f54eb,Beliz Akbulut,2026-05-01,18:06:27,-07:00,2026-05-01T18:06:27-07:00,1,51
projects/projects.js,99,js,716f54eb,Beliz Akbulut,2026-05-01,18:06:27,-07:00,2026-05-01T18:06:27-07:00,2,59
projects/projects.js,100,js,716f54eb,Beliz Akbulut,2026-05-01,18:06:27,-07:00,2026-05-01T18:06:27-07:00,2,42
projects/projects.js,101,js,716f54eb,Beliz Akbulut,2026-05-01,18:06:27,-07:00,2026-05-01T18:06:27-07:00,1,1
projects/projects.js,102,js,716f54eb,Beliz Akbulut,2026-05-01,18:06:27,-07:00,2026-05-01T18:06:27-07:00,0,0
projects/projects.js,103,js,716f54eb,Beliz Akbulut,2026-05-01,18:06:27,-07:00,2026-05-01T18:06:27-07:00,1,18
projects/projects.js,104,js,716f54eb,Beliz Akbulut,2026-05-01,18:06:27,-07:00,2026-05-01T18:06:27-07:00,1,56
projects/projects.js,105,js,716f54eb,Beliz Akbulut,2026-05-01,18:06:27,-07:00,2026-05-01T18:06:27-07:00,1,31
projects/projects.js,106,js,716f54eb,Beliz Akbulut,2026-05-01,18:06:27,-07:00,2026-05-01T18:06:27-07:00,0,0
projects/index.html,1,html,a1df1c07,Beliz Akbulut,2026-04-01,00:19:21,-07:00,2026-04-01T00:19:21-07:00,0,13
projects/index.html,2,html,a1df1c07,Beliz Akbulut,2026-04-01,00:19:21,-07:00,2026-04-01T00:19:21-07:00,0,14
projects/index.html,3,html,a1df1c07,Beliz Akbulut,2026-04-01,00:19:21,-07:00,2026-04-01T00:19:21-07:00,0,4
projects/index.html,4,html,70ce2537,Beliz Akbulut,2026-04-06,22:26:09,-07:00,2026-04-06T22:26:09-07:00,2,41
projects/index.html,5,html,a1df1c07,Beliz Akbulut,2026-04-01,00:19:21,-07:00,2026-04-01T00:19:21-07:00,2,20
projects/index.html,6,html,a1df1c07,Beliz Akbulut,2026-04-01,00:19:21,-07:00,2026-04-01T00:19:21-07:00,2,68
projects/index.html,7,html,a1df1c07,Beliz Akbulut,2026-04-01,00:19:21,-07:00,2026-04-01T00:19:21-07:00,2,35
projects/index.html,8,html,a1df1c07,Beliz Akbulut,2026-04-01,00:19:21,-07:00,2026-04-01T00:19:21-07:00,0,5
projects/index.html,9,html,a1df1c07,Beliz Akbulut,2026-04-01,00:19:21,-07:00,2026-04-01T00:19:21-07:00,0,4
projects/index.html,10,html,1bb43de5,Beliz Akbulut,2026-04-23,14:40:09,-07:00,2026-04-23T14:40:09-07:00,2,38
projects/index.html,11,html,716f54eb,Beliz Akbulut,2026-05-01,18:06:27,-07:00,2026-05-01T18:06:27-07:00,2,59
projects/index.html,12,html,716f54eb,Beliz Akbulut,2026-05-01,18:06:27,-07:00,2026-05-01T18:06:27-07:00,2,22
projects/index.html,13,html,716f54eb,Beliz Akbulut,2026-05-01,18:06:27,-07:00,2026-05-01T18:06:27-07:00,2,4
projects/index.html,14,html,716f54eb,Beliz Akbulut,2026-05-01,18:06:27,-07:00,2026-05-01T18:06:27-07:00,4,15
projects/index.html,15,html,716f54eb,Beliz Akbulut,2026-05-01,18:06:27,-07:00,2026-05-01T18:06:27-07:00,4,11
projects/index.html,16,html,716f54eb,Beliz Akbulut,2026-05-01,18:06:27,-07:00,2026-05-01T18:06:27-07:00,4,26
projects/index.html,17,html,716f54eb,Beliz Akbulut,2026-05-01,18:06:27,-07:00,2026-05-01T18:06:27-07:00,4,31
projects/index.html,18,html,716f54eb,Beliz Akbulut,2026-05-01,18:06:27,-07:00,2026-05-01T18:06:27-07:00,2,0
projects/index.html,19,html,1bb43de5,Beliz Akbulut,2026-04-23,14:40:09,-07:00,2026-04-23T14:40:09-07:00,2,26
projects/index.html,20,html,1bb43de5,Beliz Akbulut,2026-04-23,14:40:09,-07:00,2026-04-23T14:40:09-07:00,2,47
projects/index.html,21,html,a1df1c07,Beliz Akbulut,2026-04-01,00:19:21,-07:00,2026-04-01T00:19:21-07:00,0,5
projects/index.html,22,html,a1df1c07,Beliz Akbulut,2026-04-01,00:19:21,-07:00,2026-04-01T00:19:21-07:00,0,5
contact/index.html,1,html,a1df1c07,Beliz Akbulut,2026-04-01,00:19:21,-07:00,2026-04-01T00:19:21-07:00,0,13
contact/index.html,2,html,a1df1c07,Beliz Akbulut,2026-04-01,00:19:21,-07:00,2026-04-01T00:19:21-07:00,0,14
contact/index.html,3,html,a1df1c07,Beliz Akbulut,2026-04-01,00:19:21,-07:00,2026-04-01T00:19:21-07:00,0,4
contact/index.html,4,html,70ce2537,Beliz Akbulut,2026-04-06,22:26:09,-07:00,2026-04-06T22:26:09-07:00,2,41
contact/index.html,5,html,a1df1c07,Beliz Akbulut,2026-04-01,00:19:21,-07:00,2026-04-01T00:19:21-07:00,2,20
contact/index.html,6,html,a1df1c07,Beliz Akbulut,2026-04-01,00:19:21,-07:00,2026-04-01T00:19:21-07:00,2,68
contact/index.html,7,html,a1df1c07,Beliz Akbulut,2026-04-01,00:19:21,-07:00,2026-04-01T00:19:21-07:00,2,34
contact/index.html,8,html,a1df1c07,Beliz Akbulut,2026-04-01,00:19:21,-07:00,2026-04-01T00:19:21-07:00,0,5
contact/index.html,9,html,a1df1c07,Beliz Akbulut,2026-04-01,00:19:21,-07:00,2026-04-01T00:19:21-07:00,0,4
contact/index.html,10,html,c1006619,Beliz Akbulut,2026-04-15,18:14:07,-07:00,2026-04-15T18:14:07-07:00,2,48
contact/index.html,11,html,a1df1c07,Beliz Akbulut,2026-04-01,00:19:21,-07:00,2026-04-01T00:19:21-07:00,2,18
contact/index.html,12,html,c1006619,Beliz Akbulut,2026-04-15,18:14:07,-07:00,2026-04-15T18:14:07-07:00,2,51
contact/index.html,13,html,c1006619,Beliz Akbulut,2026-04-15,18:14:07,-07:00,2026-04-15T18:14:07-07:00,4,16
contact/index.html,14,html,9cb24789,Beliz Akbulut,2026-04-02,12:56:46,-07:00,2026-04-02T12:56:46-07:00,6,31
contact/index.html,15,html,c1006619,Beliz Akbulut,2026-04-15,18:14:07,-07:00,2026-04-15T18:14:07-07:00,4,10
contact/index.html,16,html,0b787f7b,Beliz Akbulut,2026-04-02,12:49:15,-07:00,2026-04-02T12:49:15-07:00,4,0
contact/index.html,17,html,9cb24789,Beliz Akbulut,2026-04-02,12:56:46,-07:00,2026-04-02T12:56:46-07:00,4,5
contact/index.html,18,html,9cb24789,Beliz Akbulut,2026-04-02,12:56:46,-07:00,2026-04-02T12:56:46-07:00,6,6
contact/index.html,19,html,9cb24789,Beliz Akbulut,2026-04-02,12:56:46,-07:00,2026-04-02T12:56:46-07:00,6,20
contact/index.html,20,html,9cb24789,Beliz Akbulut,2026-04-02,12:56:46,-07:00,2026-04-02T12:56:46-07:00,4,6
contact/index.html,21,html,0b787f7b,Beliz Akbulut,2026-04-02,12:49:15,-07:00,2026-04-02T12:49:15-07:00,4,0
contact/index.html,22,html,9cb24789,Beliz Akbulut,2026-04-02,12:56:46,-07:00,2026-04-02T12:56:46-07:00,4,5
contact/index.html,23,html,9cb24789,Beliz Akbulut,2026-04-02,12:56:46,-07:00,2026-04-02T12:56:46-07:00,6,3
contact/index.html,24,html,9cb24789,Beliz Akbulut,2026-04-02,12:56:46,-07:00,2026-04-02T12:56:46-07:00,6,31
contact/index.html,25,html,9cb24789,Beliz Akbulut,2026-04-02,12:56:46,-07:00,2026-04-02T12:56:46-07:00,4,6
contact/index.html,26,html,9cb24789,Beliz Akbulut,2026-04-02,12:56:46,-07:00,2026-04-02T12:56:46-07:00,4,0
contact/index.html,27,html,9cb24789,Beliz Akbulut,2026-04-02,12:56:46,-07:00,2026-04-02T12:56:46-07:00,4,21
contact/index.html,28,html,0b787f7b,Beliz Akbulut,2026-04-02,12:49:15,-07:00,2026-04-02T12:49:15-07:00,2,5
contact/index.html,29,html,a1df1c07,Beliz Akbulut,2026-04-01,00:19:21,-07:00,2026-04-01T00:19:21-07:00,0,5
contact/index.html,30,html,a1df1c07,Beliz Akbulut,2026-04-01,00:19:21,-07:00,2026-04-01T00:19:21-07:00,0,5
